incident_id,predicted_killer,p_killer_1,p_killer_2,p_killer_3,p_killer_4,p_killer_5,p_killer_6,p_killer_7,p_killer_8
0,3,0.0,0.0,1.0,0.0,0.0,0.0,0.0,0.0
1,7,0.0,0.0,0.0,0.0,0.0,0.0,1.0,0.0
2,3,0.0,0.0,1.0,0.0,0.0,0.0,0.0,0.0
3,3,0.0,0.0,1.0,0.0,0.0,0.0,0.0,0.0
4,3,0.0,0.0,1.0,0.0,0.0,0.0,0.0,0.0
5,3,0.0,0.0,1.0,0.0,0.0,0.0,0.0,0.0
6,3,0.0,0.0,1.0,0.0,0.0,0.0,0.0,0.0
7,7,0.0,0.0,0.0,0.0,0.0,0.0,1.0,0.0
8,6,0.0,0.0,0.0,0.0,0.0,1.0,0.0,0.0
11,3,0.0,0.0,1.0,0.0,0.0,0.0,0.0,0.0
13,3,0.0,0.0,1.0,0.0,0.0,0.0,0.0,0.0
17,6,0.0,0.0,0.0,0.0,0.0,1.0,0.0,0.0
20,3,0.0,0.0,1.0,0.0,0.0,0.0,0.0,0.0
21,7,0.0,0.0,0.0,0.0,0.0,0.0,1.0,0.0
23,6,0.0,0.0,0.0,0.0,0.0,1.0,0.0,0.0
26,7,0.0,0.0,0.0,0.0,0.0,0.0,1.0,0.0
27,7,0.0,0.0,0.0,0.0,0.0,0.0,1.0,0.0
28,3,0.0,0.0,1.0,0.0,0.0,0.0,0.0,0.0
29,7,0.0,0.0,0.0,0.0,0.0,0.0,1.0,0.0
33,3,0.0,0.0,1.0,0.0,0.0,0.0,0.0,0.0
35,7,0.0,0.0,0.0,0.0,0.0,0.0,1.0,0.0
36,3,0.0,0.0,1.0,0.0,0.0,0.0,0.0,0.0
38,3,0.0,0.0,1.0,0.0,0.0,0.0,0.0,0.0
39,3,0.0,0.0,1.0,0.0,0.0,0.0,0.0,0.0
40,2,0.0,1.0,0.0,0.0,0.0,0.0,0.0,0.0
42,3,0.0,0.0,1.0,0.0,0.0,0.0,0.0,0.0
44,7,0.0,0.0,0.0,0.0,0.0,0.0,1.0,0.0
45,3,0.0,0.0,1.0,0.0,0.0,0.0,0.0,0.0
48,3,0.0,0.0,1.0,0.0,0.0,0.0,0.0,0.0
49,3,0.0,0.0,1.0,0.0,0.0,0.0,0.0,0.0
51,3,0.0,0.0,1.0,0.0,0.0,0.0,0.0,0.0
54,3,0.0,0.0,1.0,0.0,0.0,0.0,0.0,0.0
55,3,0.0,0.0,1.0,0.0,0.0,0.0,0.0,0.0
56,3,0.0,0.0,1.0,0.0,0.0,0.0,0.0,0.0
58,3,0.0,0.0,1.0,0.0,0.0,0.0,0.0,0.0
60,7,0.0,0.0,0.0,0.0,0.0,0.0,1.0,0.0
61,3,0.0,0.0,1.0,0.0,0.0,0.0,0.0,0.0
62,7,0.0,0.0,0.0,0.0,0.0,0.0,1.0,0.0
64,6,0.0,0.0,0.0,0.0,0.0,1.0,0.0,0.0
67,6,0.0,0.0,0.0,0.0,0.0,1.0,0.0,0.0
69,2,0.0,1.0,0.0,0.0,0.0,0.0,0.0,0.0
73,3,0.0,0.0,1.0,0.0,0.0,0.0,0.0,0.0
75,6,0.0,0.0,0.0,0.0,0.0,1.0,0.0,0.0
76,2,0.0,1.0,0.0,0.0,0.0,0.0,0.0,0.0
77,7,0.0,0.0,0.0,0.0,0.0,0.0,1.0,0.0
80,3,0.0,0.0,1.0,0.0,0.0,0.0,0.0,0.0
81,3,0.0,0.0,1.0,0.0,0.0,0.0,0.0,0.0
82,3,0.0,0.0,1.0,0.0,0.0,0.0,0.0,0.0
85,7,0.0,0.0,0.0,0.0,0.0,0.0,1.0,0.0
88,3,0.0,0.0,1.0,0.0,0.0,0.0,0.0,0.0
90,2,0.0,1.0,0.0,0.0,0.0,0.0,0.0,0.0
91,2,0.0,1.0,0.0,0.0,0.0,0.0,0.0,0.0
94,6,0.0,0.0,0.0,0.0,0.0,1.0,0.0,0.0
96,3,0.0,0.0,1.0,0.0,0.0,0.0,0.0,0.0
99,3,0.0,0.0,1.0,0.0,0.0,0.0,0.0,0.0
101,3,0.0,0.0,1.0,0.0,0.0,0.0,0.0,0.0
102,2,0.0,1.0,0.0,0.0,0.0,0.0,0.0,0.0
106,3,0.0,0.0,1.0,0.0,0.0,0.0,0.0,0.0
108,3,0.0,0.0,1.0,0.0,0.0,0.0,0.0,0.0
109,6,0.0,0.0,0.0,0.0,0.0,1.0,0.0,0.0
110,7,0.0,0.0,0.0,0.0,0.0,0.0,1.0,0.0
112,3,0.0,0.0,1.0,0.0,0.0,0.0,0.0,0.0
113,3,0.0,0.0,1.0,0.0,0.0,0.0,0.0,0.0
116,6,0.0,0.0,0.0,0.0,0.0,1.0,0.0,0.0
117,3,0.0,0.0,1.0,0.0,0.0,0.0,0.0,0.0
119,2,0.0,1.0,0.0,0.0,0.0,0.0,0.0,0.0
120,3,0.0,0.0,1.0,0.0,0.0,0.0,0.0,0.0
121,3,0.0,0.0,1.0,0.0,0.0,0.0,0.0,0.0
122,6,0.0,0.0,0.0,0.0,0.0,1.0,0.0,0.0
126,3,0.0,0.0,1.0,0.0,0.0,0.0,0.0,0.0
127,3,0.0,0.0,1.0,0.0,0.0,0.0,0.0,0.0
128,6,0.0,0.0,0.0,0.0,0.0,1.0,0.0,0.0
132,2,0.0,1.0,0.0,0.0,0.0,0.0,0.0,0.0
135,7,0.0,0.0,0.0,0.0,0.0,0.0,1.0,0.0
139,6,0.0,0.0,0.0,0.0,0.0,1.0,0.0,0.0
141,3,0.0,0.0,1.0,0.0,0.0,0.0,0.0,0.0
145,3,0.0,0.0,1.0,0.0,0.0,0.0,0.0,0.0
147,3,0.0,0.0,1.0,0.0,0.0,0.0,0.0,0.0
148,3,0.0,0.0,1.0,0.0,0.0,0.0,0.0,0.0
149,3,0.0,0.0,1.0,0.0,0.0,0.0,0.0,0.0
151,7,0.0,0.0,0.0,0.0,0.0,0.0,1.0,0.0
154,6,0.0,0.0,0.0,0.0,0.0,1.0,0.0,0.0
156,3,0.0,0.0,1.0,0.0,0.0,0.0,0.0,0.0
157,3,0.0,0.0,1.0,0.0,0.0,0.0,0.0,0.0
161,7,0.0,0.0,0.0,0.0,0.0,0.0,1.0,0.0
165,7,0.0,0.0,0.0,0.0,0.0,0.0,1.0,0.0
166,3,0.0,0.0,1.0,0.0,0.0,0.0,0.0,0.0
169,7,0.0,0.0,0.0,0.0,0.0,0.0,1.0,0.0
171,3,0.0,0.0,1.0,0.0,0.0,0.0,0.0,0.0
173,3,0.0,0.0,1.0,0.0,0.0,0.0,0.0,0.0
177,3,0.0,0.0,1.0,0.0,0.0,0.0,0.0,0.0
178,3,0.0,0.0,1.0,0.0,0.0,0.0,0.0,0.0
180,3,0.0,0.0,1.0,0.0,0.0,0.0,0.0,0.0
182,6,0.0,0.0,0.0,0.0,0.0,1.0,0.0,0.0
183,3,0.0,0.0,1.0,0.0,0.0,0.0,0.0,0.0
184,6,0.0,0.0,0.0,0.0,0.0,1.0,0.0,0.0
185,7,0.0,0.0,0.0,0.0,0.0,0.0,1.0,0.0
186,3,0.0,0.0,1.0,0.0,0.0,0.0,0.0,0.0
191,3,0.0,0.0,1.0,0.0,0.0,0.0,0.0,0.0
194,3,0.0,0.0,1.0,0.0,0.0,0.0,0.0,0.0
195,3,0.0,0.0,1.0,0.0,0.0,0.0,0.0,0.0
197,2,0.0,1.0,0.0,0.0,0.0,0.0,0.0,0.0
198,3,0.0,0.0,1.0,0.0,0.0,0.0,0.0,0.0
200,3,0.0,0.0,1.0,0.0,0.0,0.0,0.0,0.0
201,3,0.0,0.0,1.0,0.0,0.0,0.0,0.0,0.0
203,2,0.0,1.0,0.0,0.0,0.0,0.0,0.0,0.0
207,3,0.0,0.0,1.0,0.0,0.0,0.0,0.0,0.0
209,7,0.0,0.0,0.0,0.0,0.0,0.0,1.0,0.0
210,6,0.0,0.0,0.0,0.0,0.0,1.0,0.0,0.0
211,3,0.0,0.0,1.0,0.0,0.0,0.0,0.0,0.0
213,3,0.0,0.0,1.0,0.0,0.0,0.0,0.0,0.0
214,3,0.0,0.0,1.0,0.0,0.0,0.0,0.0,0.0
217,7,0.0,0.0,0.0,0.0,0.0,0.0,1.0,0.0
220,3,0.0,0.0,1.0,0.0,0.0,0.0,0.0,0.0
221,3,0.0,0.0,1.0,0.0,0.0,0.0,0.0,0.0
224,6,0.0,0.0,0.0,0.0,0.0,1.0,0.0,0.0
229,3,0.0,0.0,1.0,0.0,0.0,0.0,0.0,0.0
231,3,0.0,0.0,1.0,0.0,0.0,0.0,0.0,0.0
232,7,0.0,0.0,0.0,0.0,0.0,0.0,1.0,0.0
234,7,0.0,0.0,0.0,0.0,0.0,0.0,1.0,0.0
235,7,0.0,0.0,0.0,0.0,0.0,0.0,1.0,0.0
236,3,0.0,0.0,1.0,0.0,0.0,0.0,0.0,0.0
237,3,0.0,0.0,1.0,0.0,0.0,0.0,0.0,0.0
240,3,0.0,0.0,1.0,0.0,0.0,0.0,0.0,0.0
244,3,0.0,0.0,1.0,0.0,0.0,0.0,0.0,0.0
246,3,0.0,0.0,1.0,0.0,0.0,0.0,0.0,0.0
247,3,0.0,0.0,1.0,0.0,0.0,0.0,0.0,0.0
250,6,0.0,0.0,0.0,0.0,0.0,1.0,0.0,0.0
253,6,0.0,0.0,0.0,0.0,0.0,1.0,0.0,0.0
254,3,0.0,0.0,1.0,0.0,0.0,0.0,0.0,0.0
255,3,0.0,0.0,1.0,0.0,0.0,0.0,0.0,0.0
256,6,0.0,0.0,0.0,0.0,0.0,1.0,0.0,0.0
259,3,0.0,0.0,1.0,0.0,0.0,0.0,0.0,0.0
260,3,0.0,0.0,1.0,0.0,0.0,0.0,0.0,0.0
261,7,0.0,0.0,0.0,0.0,0.0,0.0,1.0,0.0
262,3,0.0,0.0,1.0,0.0,0.0,0.0,0.0,0.0
263,6,0.0,0.0,0.0,0.0,0.0,1.0,0.0,0.0
265,6,0.0,0.0,0.0,0.0,0.0,1.0,0.0,0.0
269,3,0.0,0.0,1.0,0.0,0.0,0.0,0.0,0.0
270,3,0.0,0.0,1.0,0.0,0.0,0.0,0.0,0.0
275,7,0.0,0.0,0.0,0.0,0.0,0.0,1.0,0.0
277,7,0.0,0.0,0.0,0.0,0.0,0.0,1.0,0.0
278,7,0.0,0.0,0.0,0.0,0.0,0.0,1.0,0.0
279,3,0.0,0.0,1.0,0.0,0.0,0.0,0.0,0.0
280,3,0.0,0.0,1.0,0.0,0.0,0.0,0.0,0.0
283,3,0.0,0.0,1.0,0.0,0.0,0.0,0.0,0.0
285,7,0.0,0.0,0.0,0.0,0.0,0.0,1.0,0.0
287,7,0.0,0.0,0.0,0.0,0.0,0.0,1.0,0.0
289,3,0.0,0.0,1.0,0.0,0.0,0.0,0.0,0.0
290,3,0.0,0.0,1.0,0.0,0.0,0.0,0.0,0.0
291,7,0.0,0.0,0.0,0.0,0.0,0.0,1.0,0.0
297,3,0.0,0.0,1.0,0.0,0.0,0.0,0.0,0.0
298,3,0.0,0.0,1.0,0.0,0.0,0.0,0.0,0.0
299,7,0.0,0.0,0.0,0.0,0.0,0.0,1.0,0.0
303,6,0.0,0.0,0.0,0.0,0.0,1.0,0.0,0.0
305,7,0.0,0.0,0.0,0.0,0.0,0.0,1.0,0.0
306,6,0.0,0.0,0.0,0.0,0.0,1.0,0.0,0.0
309,3,0.0,0.0,1.0,0.0,0.0,0.0,0.0,0.0
310,3,0.0,0.0,1.0,0.0,0.0,0.0,0.0,0.0
312,3,0.0,0.0,1.0,0.0,0.0,0.0,0.0,0.0
313,2,0.0,1.0,0.0,0.0,0.0,0.0,0.0,0.0
314,3,0.0,0.0,1.0,0.0,0.0,0.0,0.0,0.0
315,3,0.0,0.0,1.0,0.0,0.0,0.0,0.0,0.0
317,3,0.0,0.0,1.0,0.0,0.0,0.0,0.0,0.0
321,3,0.0,0.0,1.0,0.0,0.0,0.0,0.0,0.0
323,3,0.0,0.0,1.0,0.0,0.0,0.0,0.0,0.0
326,3,0.0,0.0,1.0,0.0,0.0,0.0,0.0,0.0
328,3,0.0,0.0,1.0,0.0,0.0,0.0,0.0,0.0
329,6,0.0,0.0,0.0,0.0,0.0,1.0,0.0,0.0
330,3,0.0,0.0,1.0,0.0,0.0,0.0,0.0,0.0
332,3,0.0,0.0,1.0,0.0,0.0,0.0,0.0,0.0
333,3,0.0,0.0,1.0,0.0,0.0,0.0,0.0,0.0
334,3,0.0,0.0,1.0,0.0,0.0,0.0,0.0,0.0
335,6,0.0,0.0,0.0,0.0,0.0,1.0,0.0,0.0
337,3,0.0,0.0,1.0,0.0,0.0,0.0,0.0,0.0
338,2,0.0,1.0,0.0,0.0,0.0,0.0,0.0,0.0
341,3,0.0,0.0,1.0,0.0,0.0,0.0,0.0,0.0
346,3,0.0,0.0,1.0,0.0,0.0,0.0,0.0,0.0
348,3,0.0,0.0,1.0,0.0,0.0,0.0,0.0,0.0
350,3,0.0,0.0,1.0,0.0,0.0,0.0,0.0,0.0
351,6,0.0,0.0,0.0,0.0,0.0,1.0,0.0,0.0
353,7,0.0,0.0,0.0,0.0,0.0,0.0,1.0,0.0
354,6,0.0,0.0,0.0,0.0,0.0,1.0,0.0,0.0
356,3,0.0,0.0,1.0,0.0,0.0,0.0,0.0,0.0
357,2,0.0,1.0,0.0,0.0,0.0,0.0,0.0,0.0
358,6,0.0,0.0,0.0,0.0,0.0,1.0,0.0,0.0
359,3,0.0,0.0,1.0,0.0,0.0,0.0,0.0,0.0
361,7,0.0,0.0,0.0,0.0,0.0,0.0,1.0,0.0
363,6,0.0,0.0,0.0,0.0,0.0,1.0,0.0,0.0
364,3,0.0,0.0,1.0,0.0,0.0,0.0,0.0,0.0
366,3,0.0,0.0,1.0,0.0,0.0,0.0,0.0,0.0
367,7,0.0,0.0,0.0,0.0,0.0,0.0,1.0,0.0
368,3,0.0,0.0,1.0,0.0,0.0,0.0,0.0,0.0
369,3,0.0,0.0,1.0,0.0,0.0,0.0,0.0,0.0
370,6,0.0,0.0,0.0,0.0,0.0,1.0,0.0,0.0
371,3,0.0,0.0,1.0,0.0,0.0,0.0,0.0,0.0
372,3,0.0,0.0,1.0,0.0,0.0,0.0,0.0,0.0
373,2,0.0,1.0,0.0,0.0,0.0,0.0,0.0,0.0
374,2,0.0,1.0,0.0,0.0,0.0,0.0,0.0,0.0
375,7,0.0,0.0,0.0,0.0,0.0,0.0,1.0,0.0
377,3,0.0,0.0,1.0,0.0,0.0,0.0,0.0,0.0
378,7,0.0,0.0,0.0,0.0,0.0,0.0,1.0,0.0
379,3,0.0,0.0,1.0,0.0,0.0,0.0,0.0,0.0
380,6,0.0,0.0,0.0,0.0,0.0,1.0,0.0,0.0
381,3,0.0,0.0,1.0,0.0,0.0,0.0,0.0,0.0
382,3,0.0,0.0,1.0,0.0,0.0,0.0,0.0,0.0
385,7,0.0,0.0,0.0,0.0,0.0,0.0,1.0,0.0
393,3,0.0,0.0,1.0,0.0,0.0,0.0,0.0,0.0
394,3,0.0,0.0,1.0,0.0,0.0,0.0,0.0,0.0
395,7,0.0,0.0,0.0,0.0,0.0,0.0,1.0,0.0
397,6,0.0,0.0,0.0,0.0,0.0,1.0,0.0,0.0
400,3,0.0,0.0,1.0,0.0,0.0,0.0,0.0,0.0
401,7,0.0,0.0,0.0,0.0,0.0,0.0,1.0,0.0
402,3,0.0,0.0,1.0,0.0,0.0,0.0,0.0,0.0
403,3,0.0,0.0,1.0,0.0,0.0,0.0,0.0,0.0
409,3,0.0,0.0,1.0,0.0,0.0,0.0,0.0,0.0
411,3,0.0,0.0,1.0,0.0,0.0,0.0,0.0,0.0
414,2,0.0,1.0,0.0,0.0,0.0,0.0,0.0,0.0
415,3,0.0,0.0,1.0,0.0,0.0,0.0,0.0,0.0
418,7,0.0,0.0,0.0,0.0,0.0,0.0,1.0,0.0
419,7,0.0,0.0,0.0,0.0,0.0,0.0,1.0,0.0
422,7,0.0,0.0,0.0,0.0,0.0,0.0,1.0,0.0
423,3,0.0,0.0,1.0,0.0,0.0,0.0,0.0,0.0
424,7,0.0,0.0,0.0,0.0,0.0,0.0,1.0,0.0
425,3,0.0,0.0,1.0,0.0,0.0,0.0,0.0,0.0
429,3,0.0,0.0,1.0,0.0,0.0,0.0,0.0,0.0
432,3,0.0,0.0,1.0,0.0,0.0,0.0,0.0,0.0
433,3,0.0,0.0,1.0,0.0,0.0,0.0,0.0,0.0
436,3,0.0,0.0,1.0,0.0,0.0,0.0,0.0,0.0
437,3,0.0,0.0,1.0,0.0,0.0,0.0,0.0,0.0
438,6,0.0,0.0,0.0,0.0,0.0,1.0,0.0,0.0
444,3,0.0,0.0,1.0,0.0,0.0,0.0,0.0,0.0
445,3,0.0,0.0,1.0,0.0,0.0,0.0,0.0,0.0
446,6,0.0,0.0,0.0,0.0,0.0,1.0,0.0,0.0
448,6,0.0,0.0,0.0,0.0,0.0,1.0,0.0,0.0
453,7,0.0,0.0,0.0,0.0,0.0,0.0,1.0,0.0
454,3,0.0,0.0,1.0,0.0,0.0,0.0,0.0,0.0
455,3,0.0,0.0,1.0,0.0,0.0,0.0,0.0,0.0
456,7,0.0,0.0,0.0,0.0,0.0,0.0,1.0,0.0
457,2,0.0,1.0,0.0,0.0,0.0,0.0,0.0,0.0
458,3,0.0,0.0,1.0,0.0,0.0,0.0,0.0,0.0
464,3,0.0,0.0,1.0,0.0,0.0,0.0,0.0,0.0
468,7,0.0,0.0,0.0,0.0,0.0,0.0,1.0,0.0
469,2,0.0,1.0,0.0,0.0,0.0,0.0,0.0,0.0
471,3,0.0,0.0,1.0,0.0,0.0,0.0,0.0,0.0
473,3,0.0,0.0,1.0,0.0,0.0,0.0,0.0,0.0
477,3,0.0,0.0,1.0,0.0,0.0,0.0,0.0,0.0
481,3,0.0,0.0,1.0,0.0,0.0,0.0,0.0,0.0
483,2,0.0,1.0,0.0,0.0,0.0,0.0,0.0,0.0
484,6,0.0,0.0,0.0,0.0,0.0,1.0,0.0,0.0
489,3,0.0,0.0,1.0,0.0,0.0,0.0,0.0,0.0
490,3,0.0,0.0,1.0,0.0,0.0,0.0,0.0,0.0
494,3,0.0,0.0,1.0,0.0,0.0,0.0,0.0,0.0
496,7,0.0,0.0,0.0,0.0,0.0,0.0,1.0,0.0
498,7,0.0,0.0,0.0,0.0,0.0,0.0,1.0,0.0
501,6,0.0,0.0,0.0,0.0,0.0,1.0,0.0,0.0
504,3,0.0,0.0,1.0,0.0,0.0,0.0,0.0,0.0
505,3,0.0,0.0,1.0,0.0,0.0,0.0,0.0,0.0
507,7,0.0,0.0,0.0,0.0,0.0,0.0,1.0,0.0
511,3,0.0,0.0,1.0,0.0,0.0,0.0,0.0,0.0
512,6,0.0,0.0,0.0,0.0,0.0,1.0,0.0,0.0
515,3,0.0,0.0,1.0,0.0,0.0,0.0,0.0,0.0
517,3,0.0,0.0,1.0,0.0,0.0,0.0,0.0,0.0
519,3,0.0,0.0,1.0,0.0,0.0,0.0,0.0,0.0
521,3,0.0,0.0,1.0,0.0,0.0,0.0,0.0,0.0
525,7,0.0,0.0,0.0,0.0,0.0,0.0,1.0,0.0
531,6,0.0,0.0,0.0,0.0,0.0,1.0,0.0,0.0
536,3,0.0,0.0,1.0,0.0,0.0,0.0,0.0,0.0
540,3,0.0,0.0,1.0,0.0,0.0,0.0,0.0,0.0
541,3,0.0,0.0,1.0,0.0,0.0,0.0,0.0,0.0
543,3,0.0,0.0,1.0,0.0,0.0,0.0,0.0,0.0
544,3,0.0,0.0,1.0,0.0,0.0,0.0,0.0,0.0
553,3,0.0,0.0,1.0,0.0,0.0,0.0,0.0,0.0
555,3,0.0,0.0,1.0,0.0,0.0,0.0,0.0,0.0
556,6,0.0,0.0,0.0,0.0,0.0,1.0,0.0,0.0
557,3,0.0,0.0,1.0,0.0,0.0,0.0,0.0,0.0
558,3,0.0,0.0,1.0,0.0,0.0,0.0,0.0,0.0
559,6,0.0,0.0,0.0,0.0,0.0,1.0,0.0,0.0
560,3,0.0,0.0,1.0,0.0,0.0,0.0,0.0,0.0
561,3,0.0,0.0,1.0,0.0,0.0,0.0,0.0,0.0
563,6,0.0,0.0,0.0,0.0,0.0,1.0,0.0,0.0
566,3,0.0,0.0,1.0,0.0,0.0,0.0,0.0,0.0
567,3,0.0,0.0,1.0,0.0,0.0,0.0,0.0,0.0
570,7,0.0,0.0,0.0,0.0,0.0,0.0,1.0,0.0
572,3,0.0,0.0,1.0,0.0,0.0,0.0,0.0,0.0
574,2,0.0,1.0,0.0,0.0,0.0,0.0,0.0,0.0
576,3,0.0,0.0,1.0,0.0,0.0,0.0,0.0,0.0
577,3,0.0,0.0,1.0,0.0,0.0,0.0,0.0,0.0
584,3,0.0,0.0,1.0,0.0,0.0,0.0,0.0,0.0
588,3,0.0,0.0,1.0,0.0,0.0,0.0,0.0,0.0
590,6,0.0,0.0,0.0,0.0,0.0,1.0,0.0,0.0
591,3,0.0,0.0,1.0,0.0,0.0,0.0,0.0,0.0
593,7,0.0,0.0,0.0,0.0,0.0,0.0,1.0,0.0
601,6,0.0,0.0,0.0,0.0,0.0,1.0,0.0,0.0
605,3,0.0,0.0,1.0,0.0,0.0,0.0,0.0,0.0
606,7,0.0,0.0,0.0,0.0,0.0,0.0,1.0,0.0
607,3,0.0,0.0,1.0,0.0,0.0,0.0,0.0,0.0
608,6,0.0,0.0,0.0,0.0,0.0,1.0,0.0,0.0
610,3,0.0,0.0,1.0,0.0,0.0,0.0,0.0,0.0
611,7,0.0,0.0,0.0,0.0,0.0,0.0,1.0,0.0
612,3,0.0,0.0,1.0,0.0,0.0,0.0,0.0,0.0
616,7,0.0,0.0,0.0,0.0,0.0,0.0,1.0,0.0
617,3,0.0,0.0,1.0,0.0,0.0,0.0,0.0,0.0
627,3,0.0,0.0,1.0,0.0,0.0,0.0,0.0,0.0
629,3,0.0,0.0,1.0,0.0,0.0,0.0,0.0,0.0
631,3,0.0,0.0,1.0,0.0,0.0,0.0,0.0,0.0
633,3,0.0,0.0,1.0,0.0,0.0,0.0,0.0,0.0
637,2,0.0,1.0,0.0,0.0,0.0,0.0,0.0,0.0
638,3,0.0,0.0,1.0,0.0,0.0,0.0,0.0,0.0
639,7,0.0,0.0,0.0,0.0,0.0,0.0,1.0,0.0
640,3,0.0,0.0,1.0,0.0,0.0,0.0,0.0,0.0
645,7,0.0,0.0,0.0,0.0,0.0,0.0,1.0,0.0
646,3,0.0,0.0,1.0,0.0,0.0,0.0,0.0,0.0
647,3,0.0,0.0,1.0,0.0,0.0,0.0,0.0,0.0
648,3,0.0,0.0,1.0,0.0,0.0,0.0,0.0,0.0
653,3,0.0,0.0,1.0,0.0,0.0,0.0,0.0,0.0
655,3,0.0,0.0,1.0,0.0,0.0,0.0,0.0,0.0
656,2,0.0,1.0,0.0,0.0,0.0,0.0,0.0,0.0
657,2,0.0,1.0,0.0,0.0,0.0,0.0,0.0,0.0
658,2,0.0,1.0,0.0,0.0,0.0,0.0,0.0,0.0
660,7,0.0,0.0,0.0,0.0,0.0,0.0,1.0,0.0
668,3,0.0,0.0,1.0,0.0,0.0,0.0,0.0,0.0
671,2,0.0,1.0,0.0,0.0,0.0,0.0,0.0,0.0
672,3,0.0,0.0,1.0,0.0,0.0,0.0,0.0,0.0
673,3,0.0,0.0,1.0,0.0,0.0,0.0,0.0,0.0
675,7,0.0,0.0,0.0,0.0,0.0,0.0,1.0,0.0
676,3,0.0,0.0,1.0,0.0,0.0,0.0,0.0,0.0
678,7,0.0,0.0,0.0,0.0,0.0,0.0,1.0,0.0
679,7,0.0,0.0,0.0,0.0,0.0,0.0,1.0,0.0
680,3,0.0,0.0,1.0,0.0,0.0,0.0,0.0,0.0
681,3,0.0,0.0,1.0,0.0,0.0,0.0,0.0,0.0
682,3,0.0,0.0,1.0,0.0,0.0,0.0,0.0,0.0
683,3,0.0,0.0,1.0,0.0,0.0,0.0,0.0,0.0
684,3,0.0,0.0,1.0,0.0,0.0,0.0,0.0,0.0
686,7,0.0,0.0,0.0,0.0,0.0,0.0,1.0,0.0
689,7,0.0,0.0,0.0,0.0,0.0,0.0,1.0,0.0
690,7,0.0,0.0,0.0,0.0,0.0,0.0,1.0,0.0
691,2,0.0,1.0,0.0,0.0,0.0,0.0,0.0,0.0
692,3,0.0,0.0,1.0,0.0,0.0,0.0,0.0,0.0
693,7,0.0,0.0,0.0,0.0,0.0,0.0,1.0,0.0
694,3,0.0,0.0,1.0,0.0,0.0,0.0,0.0,0.0
699,3,0.0,0.0,1.0,0.0,0.0,0.0,0.0,0.0
701,7,0.0,0.0,0.0,0.0,0.0,0.0,1.0,0.0
705,6,0.0,0.0,0.0,0.0,0.0,1.0,0.0,0.0
706,3,0.0,0.0,1.0,0.0,0.0,0.0,0.0,0.0
709,2,0.0,1.0,0.0,0.0,0.0,0.0,0.0,0.0
711,2,0.0,1.0,0.0,0.0,0.0,0.0,0.0,0.0
712,3,0.0,0.0,1.0,0.0,0.0,0.0,0.0,0.0
713,3,0.0,0.0,1.0,0.0,0.0,0.0,0.0,0.0
715,3,0.0,0.0,1.0,0.0,0.0,0.0,0.0,0.0
718,3,0.0,0.0,1.0,0.0,0.0,0.0,0.0,0.0
720,3,0.0,0.0,1.0,0.0,0.0,0.0,0.0,0.0
722,2,0.0,1.0,0.0,0.0,0.0,0.0,0.0,0.0
725,3,0.0,0.0,1.0,0.0,0.0,0.0,0.0,0.0
726,3,0.0,0.0,1.0,0.0,0.0,0.0,0.0,0.0
727,2,0.0,1.0,0.0,0.0,0.0,0.0,0.0,0.0
730,7,0.0,0.0,0.0,0.0,0.0,0.0,1.0,0.0
732,7,0.0,0.0,0.0,0.0,0.0,0.0,1.0,0.0
733,6,0.0,0.0,0.0,0.0,0.0,1.0,0.0,0.0
736,7,0.0,0.0,0.0,0.0,0.0,0.0,1.0,0.0
737,2,0.0,1.0,0.0,0.0,0.0,0.0,0.0,0.0
738,7,0.0,0.0,0.0,0.0,0.0,0.0,1.0,0.0
739,3,0.0,0.0,1.0,0.0,0.0,0.0,0.0,0.0
740,3,0.0,0.0,1.0,0.0,0.0,0.0,0.0,0.0
741,7,0.0,0.0,0.0,0.0,0.0,0.0,1.0,0.0
743,3,0.0,0.0,1.0,0.0,0.0,0.0,0.0,0.0
746,3,0.0,0.0,1.0,0.0,0.0,0.0,0.0,0.0
747,3,0.0,0.0,1.0,0.0,0.0,0.0,0.0,0.0
749,3,0.0,0.0,1.0,0.0,0.0,0.0,0.0,0.0
750,3,0.0,0.0,1.0,0.0,0.0,0.0,0.0,0.0
752,6,0.0,0.0,0.0,0.0,0.0,1.0,0.0,0.0
753,7,0.0,0.0,0.0,0.0,0.0,0.0,1.0,0.0
754,3,0.0,0.0,1.0,0.0,0.0,0.0,0.0,0.0
755,6,0.0,0.0,0.0,0.0,0.0,1.0,0.0,0.0
758,3,0.0,0.0,1.0,0.0,0.0,0.0,0.0,0.0
759,3,0.0,0.0,1.0,0.0,0.0,0.0,0.0,0.0
760,6,0.0,0.0,0.0,0.0,0.0,1.0,0.0,0.0
763,6,0.0,0.0,0.0,0.0,0.0,1.0,0.0,0.0
766,3,0.0,0.0,1.0,0.0,0.0,0.0,0.0,0.0
771,3,0.0,0.0,1.0,0.0,0.0,0.0,0.0,0.0
773,3,0.0,0.0,1.0,0.0,0.0,0.0,0.0,0.0
774,6,0.0,0.0,0.0,0.0,0.0,1.0,0.0,0.0
780,3,0.0,0.0,1.0,0.0,0.0,0.0,0.0,0.0
783,3,0.0,0.0,1.0,0.0,0.0,0.0,0.0,0.0
785,6,0.0,0.0,0.0,0.0,0.0,1.0,0.0,0.0
788,3,0.0,0.0,1.0,0.0,0.0,0.0,0.0,0.0
789,3,0.0,0.0,1.0,0.0,0.0,0.0,0.0,0.0
790,3,0.0,0.0,1.0,0.0,0.0,0.0,0.0,0.0
791,3,0.0,0.0,1.0,0.0,0.0,0.0,0.0,0.0
792,7,0.0,0.0,0.0,0.0,0.0,0.0,1.0,0.0
793,7,0.0,0.0,0.0,0.0,0.0,0.0,1.0,0.0
794,3,0.0,0.0,1.0,0.0,0.0,0.0,0.0,0.0
797,3,0.0,0.0,1.0,0.0,0.0,0.0,0.0,0.0
800,3,0.0,0.0,1.0,0.0,0.0,0.0,0.0,0.0
801,3,0.0,0.0,1.0,0.0,0.0,0.0,0.0,0.0
808,3,0.0,0.0,1.0,0.0,0.0,0.0,0.0,0.0
810,7,0.0,0.0,0.0,0.0,0.0,0.0,1.0,0.0
813,3,0.0,0.0,1.0,0.0,0.0,0.0,0.0,0.0
818,3,0.0,0.0,1.0,0.0,0.0,0.0,0.0,0.0
820,2,0.0,1.0,0.0,0.0,0.0,0.0,0.0,0.0
822,3,0.0,0.0,1.0,0.0,0.0,0.0,0.0,0.0
823,3,0.0,0.0,1.0,0.0,0.0,0.0,0.0,0.0
827,6,0.0,0.0,0.0,0.0,0.0,1.0,0.0,0.0
828,3,0.0,0.0,1.0,0.0,0.0,0.0,0.0,0.0
829,3,0.0,0.0,1.0,0.0,0.0,0.0,0.0,0.0
831,7,0.0,0.0,0.0,0.0,0.0,0.0,1.0,0.0
832,7,0.0,0.0,0.0,0.0,0.0,0.0,1.0,0.0
833,3,0.0,0.0,1.0,0.0,0.0,0.0,0.0,0.0
834,3,0.0,0.0,1.0,0.0,0.0,0.0,0.0,0.0
836,3,0.0,0.0,1.0,0.0,0.0,0.0,0.0,0.0
838,6,0.0,0.0,0.0,0.0,0.0,1.0,0.0,0.0
839,3,0.0,0.0,1.0,0.0,0.0,0.0,0.0,0.0
841,6,0.0,0.0,0.0,0.0,0.0,1.0,0.0,0.0
843,6,0.0,0.0,0.0,0.0,0.0,1.0,0.0,0.0
844,3,0.0,0.0,1.0,0.0,0.0,0.0,0.0,0.0
851,6,0.0,0.0,0.0,0.0,0.0,1.0,0.0,0.0
853,6,0.0,0.0,0.0,0.0,0.0,1.0,0.0,0.0
854,3,0.0,0.0,1.0,0.0,0.0,0.0,0.0,0.0
855,2,0.0,1.0,0.0,0.0,0.0,0.0,0.0,0.0
856,3,0.0,0.0,1.0,0.0,0.0,0.0,0.0,0.0
858,3,0.0,0.0,1.0,0.0,0.0,0.0,0.0,0.0
863,3,0.0,0.0,1.0,0.0,0.0,0.0,0.0,0.0
867,3,0.0,0.0,1.0,0.0,0.0,0.0,0.0,0.0
869,3,0.0,0.0,1.0,0.0,0.0,0.0,0.0,0.0
872,3,0.0,0.0,1.0,0.0,0.0,0.0,0.0,0.0
874,3,0.0,0.0,1.0,0.0,0.0,0.0,0.0,0.0
878,7,0.0,0.0,0.0,0.0,0.0,0.0,1.0,0.0
883,6,0.0,0.0,0.0,0.0,0.0,1.0,0.0,0.0
884,3,0.0,0.0,1.0,0.0,0.0,0.0,0.0,0.0
885,3,0.0,0.0,1.0,0.0,0.0,0.0,0.0,0.0
890,3,0.0,0.0,1.0,0.0,0.0,0.0,0.0,0.0
895,3,0.0,0.0,1.0,0.0,0.0,0.0,0.0,0.0
897,3,0.0,0.0,1.0,0.0,0.0,0.0,0.0,0.0
898,2,0.0,1.0,0.0,0.0,0.0,0.0,0.0,0.0
899,3,0.0,0.0,1.0,0.0,0.0,0.0,0.0,0.0
901,3,0.0,0.0,1.0,0.0,0.0,0.0,0.0,0.0
904,3,0.0,0.0,1.0,0.0,0.0,0.0,0.0,0.0
906,3,0.0,0.0,1.0,0.0,0.0,0.0,0.0,0.0
907,6,0.0,0.0,0.0,0.0,0.0,1.0,0.0,0.0
910,6,0.0,0.0,0.0,0.0,0.0,1.0,0.0,0.0
914,2,0.0,1.0,0.0,0.0,0.0,0.0,0.0,0.0
916,3,0.0,0.0,1.0,0.0,0.0,0.0,0.0,0.0
918,3,0.0,0.0,1.0,0.0,0.0,0.0,0.0,0.0
919,3,0.0,0.0,1.0,0.0,0.0,0.0,0.0,0.0
920,7,0.0,0.0,0.0,0.0,0.0,0.0,1.0,0.0
922,3,0.0,0.0,1.0,0.0,0.0,0.0,0.0,0.0
923,3,0.0,0.0,1.0,0.0,0.0,0.0,0.0,0.0
925,2,0.0,1.0,0.0,0.0,0.0,0.0,0.0,0.0
926,3,0.0,0.0,1.0,0.0,0.0,0.0,0.0,0.0
927,3,0.0,0.0,1.0,0.0,0.0,0.0,0.0,0.0
929,3,0.0,0.0,1.0,0.0,0.0,0.0,0.0,0.0
932,3,0.0,0.0,1.0,0.0,0.0,0.0,0.0,0.0
935,3,0.0,0.0,1.0,0.0,0.0,0.0,0.0,0.0
936,3,0.0,0.0,1.0,0.0,0.0,0.0,0.0,0.0
938,6,0.0,0.0,0.0,0.0,0.0,1.0,0.0,0.0
939,3,0.0,0.0,1.0,0.0,0.0,0.0,0.0,0.0
941,6,0.0,0.0,0.0,0.0,0.0,1.0,0.0,0.0
942,3,0.0,0.0,1.0,0.0,0.0,0.0,0.0,0.0
947,3,0.0,0.0,1.0,0.0,0.0,0.0,0.0,0.0
948,3,0.0,0.0,1.0,0.0,0.0,0.0,0.0,0.0
949,3,0.0,0.0,1.0,0.0,0.0,0.0,0.0,0.0
951,7,0.0,0.0,0.0,0.0,0.0,0.0,1.0,0.0
953,7,0.0,0.0,0.0,0.0,0.0,0.0,1.0,0.0
954,3,0.0,0.0,1.0,0.0,0.0,0.0,0.0,0.0
959,7,0.0,0.0,0.0,0.0,0.0,0.0,1.0,0.0
965,3,0.0,0.0,1.0,0.0,0.0,0.0,0.0,0.0
966,3,0.0,0.0,1.0,0.0,0.0,0.0,0.0,0.0
967,6,0.0,0.0,0.0,0.0,0.0,1.0,0.0,0.0
968,7,0.0,0.0,0.0,0.0,0.0,0.0,1.0,0.0
970,6,0.0,0.0,0.0,0.0,0.0,1.0,0.0,0.0
971,2,0.0,1.0,0.0,0.0,0.0,0.0,0.0,0.0
974,6,0.0,0.0,0.0,0.0,0.0,1.0,0.0,0.0
975,3,0.0,0.0,1.0,0.0,0.0,0.0,0.0,0.0
976,7,0.0,0.0,0.0,0.0,0.0,0.0,1.0,0.0
977,3,0.0,0.0,1.0,0.0,0.0,0.0,0.0,0.0
978,3,0.0,0.0,1.0,0.0,0.0,0.0,0.0,0.0
982,6,0.0,0.0,0.0,0.0,0.0,1.0,0.0,0.0
983,3,0.0,0.0,1.0,0.0,0.0,0.0,0.0,0.0
986,3,0.0,0.0,1.0,0.0,0.0,0.0,0.0,0.0
988,3,0.0,0.0,1.0,0.0,0.0,0.0,0.0,0.0
989,3,0.0,0.0,1.0,0.0,0.0,0.0,0.0,0.0
990,3,0.0,0.0,1.0,0.0,0.0,0.0,0.0,0.0
996,3,0.0,0.0,1.0,0.0,0.0,0.0,0.0,0.0
998,2,0.0,1.0,0.0,0.0,0.0,0.0,0.0,0.0
999,3,0.0,0.0,1.0,0.0,0.0,0.0,0.0,0.0
1001,3,0.0,0.0,1.0,0.0,0.0,0.0,0.0,0.0
1002,3,0.0,0.0,1.0,0.0,0.0,0.0,0.0,0.0
1009,3,0.0,0.0,1.0,0.0,0.0,0.0,0.0,0.0
1010,3,0.0,0.0,1.0,0.0,0.0,0.0,0.0,0.0
1011,7,0.0,0.0,0.0,0.0,0.0,0.0,1.0,0.0
1012,3,0.0,0.0,1.0,0.0,0.0,0.0,0.0,0.0
1017,3,0.0,0.0,1.0,0.0,0.0,0.0,0.0,0.0
1020,6,0.0,0.0,0.0,0.0,0.0,1.0,0.0,0.0
1022,3,0.0,0.0,1.0,0.0,0.0,0.0,0.0,0.0
1025,3,0.0,0.0,1.0,0.0,0.0,0.0,0.0,0.0
1029,6,0.0,0.0,0.0,0.0,0.0,1.0,0.0,0.0
1030,3,0.0,0.0,1.0,0.0,0.0,0.0,0.0,0.0
1031,6,0.0,0.0,0.0,0.0,0.0,1.0,0.0,0.0
1034,3,0.0,0.0,1.0,0.0,0.0,0.0,0.0,0.0
1035,3,0.0,0.0,1.0,0.0,0.0,0.0,0.0,0.0
1037,6,0.0,0.0,0.0,0.0,0.0,1.0,0.0,0.0
1038,7,0.0,0.0,0.0,0.0,0.0,0.0,1.0,0.0
1041,3,0.0,0.0,1.0,0.0,0.0,0.0,0.0,0.0
1042,3,0.0,0.0,1.0,0.0,0.0,0.0,0.0,0.0
1043,7,0.0,0.0,0.0,0.0,0.0,0.0,1.0,0.0
1044,7,0.0,0.0,0.0,0.0,0.0,0.0,1.0,0.0
1045,7,0.0,0.0,0.0,0.0,0.0,0.0,1.0,0.0
1046,7,0.0,0.0,0.0,0.0,0.0,0.0,1.0,0.0
1047,3,0.0,0.0,1.0,0.0,0.0,0.0,0.0,0.0
1050,7,0.0,0.0,0.0,0.0,0.0,0.0,1.0,0.0
1051,2,0.0,1.0,0.0,0.0,0.0,0.0,0.0,0.0
1053,6,0.0,0.0,0.0,0.0,0.0,1.0,0.0,0.0
1055,7,0.0,0.0,0.0,0.0,0.0,0.0,1.0,0.0
1058,2,0.0,1.0,0.0,0.0,0.0,0.0,0.0,0.0
1061,3,0.0,0.0,1.0,0.0,0.0,0.0,0.0,0.0
1062,7,0.0,0.0,0.0,0.0,0.0,0.0,1.0,0.0
1069,3,0.0,0.0,1.0,0.0,0.0,0.0,0.0,0.0
1070,3,0.0,0.0,1.0,0.0,0.0,0.0,0.0,0.0
1071,3,0.0,0.0,1.0,0.0,0.0,0.0,0.0,0.0
1073,7,0.0,0.0,0.0,0.0,0.0,0.0,1.0,0.0
1076,3,0.0,0.0,1.0,0.0,0.0,0.0,0.0,0.0
1078,7,0.0,0.0,0.0,0.0,0.0,0.0,1.0,0.0
1079,3,0.0,0.0,1.0,0.0,0.0,0.0,0.0,0.0
1083,3,0.0,0.0,1.0,0.0,0.0,0.0,0.0,0.0
1089,3,0.0,0.0,1.0,0.0,0.0,0.0,0.0,0.0
1090,3,0.0,0.0,1.0,0.0,0.0,0.0,0.0,0.0
1092,3,0.0,0.0,1.0,0.0,0.0,0.0,0.0,0.0
1094,7,0.0,0.0,0.0,0.0,0.0,0.0,1.0,0.0
1095,6,0.0,0.0,0.0,0.0,0.0,1.0,0.0,0.0
1096,7,0.0,0.0,0.0,0.0,0.0,0.0,1.0,0.0
1097,3,0.0,0.0,1.0,0.0,0.0,0.0,0.0,0.0
1098,3,0.0,0.0,1.0,0.0,0.0,0.0,0.0,0.0
1100,3,0.0,0.0,1.0,0.0,0.0,0.0,0.0,0.0
1101,3,0.0,0.0,1.0,0.0,0.0,0.0,0.0,0.0
1103,3,0.0,0.0,1.0,0.0,0.0,0.0,0.0,0.0
1105,7,0.0,0.0,0.0,0.0,0.0,0.0,1.0,0.0
1108,7,0.0,0.0,0.0,0.0,0.0,0.0,1.0,0.0
1113,7,0.0,0.0,0.0,0.0,0.0,0.0,1.0,0.0
1119,3,0.0,0.0,1.0,0.0,0.0,0.0,0.0,0.0
1122,7,0.0,0.0,0.0,0.0,0.0,0.0,1.0,0.0
1125,3,0.0,0.0,1.0,0.0,0.0,0.0,0.0,0.0
1133,2,0.0,1.0,0.0,0.0,0.0,0.0,0.0,0.0
1139,7,0.0,0.0,0.0,0.0,0.0,0.0,1.0,0.0
1140,3,0.0,0.0,1.0,0.0,0.0,0.0,0.0,0.0
1145,6,0.0,0.0,0.0,0.0,0.0,1.0,0.0,0.0
1148,2,0.0,1.0,0.0,0.0,0.0,0.0,0.0,0.0
1149,3,0.0,0.0,1.0,0.0,0.0,0.0,0.0,0.0
1150,3,0.0,0.0,1.0,0.0,0.0,0.0,0.0,0.0
1151,3,0.0,0.0,1.0,0.0,0.0,0.0,0.0,0.0
1155,3,0.0,0.0,1.0,0.0,0.0,0.0,0.0,0.0
1157,3,0.0,0.0,1.0,0.0,0.0,0.0,0.0,0.0
1160,3,0.0,0.0,1.0,0.0,0.0,0.0,0.0,0.0
1161,3,0.0,0.0,1.0,0.0,0.0,0.0,0.0,0.0
1163,3,0.0,0.0,1.0,0.0,0.0,0.0,0.0,0.0
1165,3,0.0,0.0,1.0,0.0,0.0,0.0,0.0,0.0
1166,3,0.0,0.0,1.0,0.0,0.0,0.0,0.0,0.0
1167,7,0.0,0.0,0.0,0.0,0.0,0.0,1.0,0.0
1169,7,0.0,0.0,0.0,0.0,0.0,0.0,1.0,0.0
1170,2,0.0,1.0,0.0,0.0,0.0,0.0,0.0,0.0
1171,3,0.0,0.0,1.0,0.0,0.0,0.0,0.0,0.0
1173,3,0.0,0.0,1.0,0.0,0.0,0.0,0.0,0.0
1174,6,0.0,0.0,0.0,0.0,0.0,1.0,0.0,0.0
1175,3,0.0,0.0,1.0,0.0,0.0,0.0,0.0,0.0
1177,7,0.0,0.0,0.0,0.0,0.0,0.0,1.0,0.0
1179,3,0.0,0.0,1.0,0.0,0.0,0.0,0.0,0.0
1184,3,0.0,0.0,1.0,0.0,0.0,0.0,0.0,0.0
1189,3,0.0,0.0,1.0,0.0,0.0,0.0,0.0,0.0
1192,3,0.0,0.0,1.0,0.0,0.0,0.0,0.0,0.0
1193,7,0.0,0.0,0.0,0.0,0.0,0.0,1.0,0.0
1194,3,0.0,0.0,1.0,0.0,0.0,0.0,0.0,0.0
1195,3,0.0,0.0,1.0,0.0,0.0,0.0,0.0,0.0
1197,3,0.0,0.0,1.0,0.0,0.0,0.0,0.0,0.0
1201,3,0.0,0.0,1.0,0.0,0.0,0.0,0.0,0.0
1202,3,0.0,0.0,1.0,0.0,0.0,0.0,0.0,0.0
1204,3,0.0,0.0,1.0,0.0,0.0,0.0,0.0,0.0
1205,3,0.0,0.0,1.0,0.0,0.0,0.0,0.0,0.0
1207,3,0.0,0.0,1.0,0.0,0.0,0.0,0.0,0.0
1208,3,0.0,0.0,1.0,0.0,0.0,0.0,0.0,0.0
1211,2,0.0,1.0,0.0,0.0,0.0,0.0,0.0,0.0
1213,3,0.0,0.0,1.0,0.0,0.0,0.0,0.0,0.0
1215,3,0.0,0.0,1.0,0.0,0.0,0.0,0.0,0.0
1219,3,0.0,0.0,1.0,0.0,0.0,0.0,0.0,0.0
1220,2,0.0,1.0,0.0,0.0,0.0,0.0,0.0,0.0
1221,7,0.0,0.0,0.0,0.0,0.0,0.0,1.0,0.0
1223,6,0.0,0.0,0.0,0.0,0.0,1.0,0.0,0.0
1224,6,0.0,0.0,0.0,0.0,0.0,1.0,0.0,0.0
1227,2,0.0,1.0,0.0,0.0,0.0,0.0,0.0,0.0
1232,6,0.0,0.0,0.0,0.0,0.0,1.0,0.0,0.0
1234,7,0.0,0.0,0.0,0.0,0.0,0.0,1.0,0.0
1235,3,0.0,0.0,1.0,0.0,0.0,0.0,0.0,0.0
1237,7,0.0,0.0,0.0,0.0,0.0,0.0,1.0,0.0
1240,3,0.0,0.0,1.0,0.0,0.0,0.0,0.0,0.0
1241,3,0.0,0.0,1.0,0.0,0.0,0.0,0.0,0.0
1242,3,0.0,0.0,1.0,0.0,0.0,0.0,0.0,0.0
1244,3,0.0,0.0,1.0,0.0,0.0,0.0,0.0,0.0
1245,3,0.0,0.0,1.0,0.0,0.0,0.0,0.0,0.0
1246,3,0.0,0.0,1.0,0.0,0.0,0.0,0.0,0.0
1247,7,0.0,0.0,0.0,0.0,0.0,0.0,1.0,0.0
1248,3,0.0,0.0,1.0,0.0,0.0,0.0,0.0,0.0
1249,7,0.0,0.0,0.0,0.0,0.0,0.0,1.0,0.0
1251,3,0.0,0.0,1.0,0.0,0.0,0.0,0.0,0.0
1261,2,0.0,1.0,0.0,0.0,0.0,0.0,0.0,0.0
1266,3,0.0,0.0,1.0,0.0,0.0,0.0,0.0,0.0
1268,3,0.0,0.0,1.0,0.0,0.0,0.0,0.0,0.0
1270,7,0.0,0.0,0.0,0.0,0.0,0.0,1.0,0.0
1273,3,0.0,0.0,1.0,0.0,0.0,0.0,0.0,0.0
1277,7,0.0,0.0,0.0,0.0,0.0,0.0,1.0,0.0
1283,6,0.0,0.0,0.0,0.0,0.0,1.0,0.0,0.0
1284,3,0.0,0.0,1.0,0.0,0.0,0.0,0.0,0.0
1285,3,0.0,0.0,1.0,0.0,0.0,0.0,0.0,0.0
1286,6,0.0,0.0,0.0,0.0,0.0,1.0,0.0,0.0
1287,6,0.0,0.0,0.0,0.0,0.0,1.0,0.0,0.0
1289,3,0.0,0.0,1.0,0.0,0.0,0.0,0.0,0.0
1292,3,0.0,0.0,1.0,0.0,0.0,0.0,0.0,0.0
1294,3,0.0,0.0,1.0,0.0,0.0,0.0,0.0,0.0
1299,7,0.0,0.0,0.0,0.0,0.0,0.0,1.0,0.0
1305,3,0.0,0.0,1.0,0.0,0.0,0.0,0.0,0.0
1306,3,0.0,0.0,1.0,0.0,0.0,0.0,0.0,0.0
1307,3,0.0,0.0,1.0,0.0,0.0,0.0,0.0,0.0
1310,3,0.0,0.0,1.0,0.0,0.0,0.0,0.0,0.0
1312,3,0.0,0.0,1.0,0.0,0.0,0.0,0.0,0.0
1315,7,0.0,0.0,0.0,0.0,0.0,0.0,1.0,0.0
1316,6,0.0,0.0,0.0,0.0,0.0,1.0,0.0,0.0
1317,3,0.0,0.0,1.0,0.0,0.0,0.0,0.0,0.0
1318,3,0.0,0.0,1.0,0.0,0.0,0.0,0.0,0.0
1323,6,0.0,0.0,0.0,0.0,0.0,1.0,0.0,0.0
1324,3,0.0,0.0,1.0,0.0,0.0,0.0,0.0,0.0
1328,7,0.0,0.0,0.0,0.0,0.0,0.0,1.0,0.0
1331,3,0.0,0.0,1.0,0.0,0.0,0.0,0.0,0.0
1334,2,0.0,1.0,0.0,0.0,0.0,0.0,0.0,0.0
1336,7,0.0,0.0,0.0,0.0,0.0,0.0,1.0,0.0
1338,6,0.0,0.0,0.0,0.0,0.0,1.0,0.0,0.0
1341,3,0.0,0.0,1.0,0.0,0.0,0.0,0.0,0.0
1345,3,0.0,0.0,1.0,0.0,0.0,0.0,0.0,0.0
1346,3,0.0,0.0,1.0,0.0,0.0,0.0,0.0,0.0
1347,2,0.0,1.0,0.0,0.0,0.0,0.0,0.0,0.0
1352,7,0.0,0.0,0.0,0.0,0.0,0.0,1.0,0.0
1355,3,0.0,0.0,1.0,0.0,0.0,0.0,0.0,0.0
1356,6,0.0,0.0,0.0,0.0,0.0,1.0,0.0,0.0
1359,7,0.0,0.0,0.0,0.0,0.0,0.0,1.0,0.0
1362,3,0.0,0.0,1.0,0.0,0.0,0.0,0.0,0.0
1363,2,0.0,1.0,0.0,0.0,0.0,0.0,0.0,0.0
1365,7,0.0,0.0,0.0,0.0,0.0,0.0,1.0,0.0
1366,3,0.0,0.0,1.0,0.0,0.0,0.0,0.0,0.0
1367,3,0.0,0.0,1.0,0.0,0.0,0.0,0.0,0.0
1368,3,0.0,0.0,1.0,0.0,0.0,0.0,0.0,0.0
1372,3,0.0,0.0,1.0,0.0,0.0,0.0,0.0,0.0
1376,3,0.0,0.0,1.0,0.0,0.0,0.0,0.0,0.0
1379,3,0.0,0.0,1.0,0.0,0.0,0.0,0.0,0.0
1381,7,0.0,0.0,0.0,0.0,0.0,0.0,1.0,0.0
1383,3,0.0,0.0,1.0,0.0,0.0,0.0,0.0,0.0
1384,7,0.0,0.0,0.0,0.0,0.0,0.0,1.0,0.0
1385,3,0.0,0.0,1.0,0.0,0.0,0.0,0.0,0.0
1391,7,0.0,0.0,0.0,0.0,0.0,0.0,1.0,0.0
1394,6,0.0,0.0,0.0,0.0,0.0,1.0,0.0,0.0
1399,7,0.0,0.0,0.0,0.0,0.0,0.0,1.0,0.0
1400,3,0.0,0.0,1.0,0.0,0.0,0.0,0.0,0.0
1407,3,0.0,0.0,1.0,0.0,0.0,0.0,0.0,0.0
1408,7,0.0,0.0,0.0,0.0,0.0,0.0,1.0,0.0
1409,3,0.0,0.0,1.0,0.0,0.0,0.0,0.0,0.0
1416,7,0.0,0.0,0.0,0.0,0.0,0.0,1.0,0.0
1417,2,0.0,1.0,0.0,0.0,0.0,0.0,0.0,0.0
1422,3,0.0,0.0,1.0,0.0,0.0,0.0,0.0,0.0
1423,6,0.0,0.0,0.0,0.0,0.0,1.0,0.0,0.0
1425,3,0.0,0.0,1.0,0.0,0.0,0.0,0.0,0.0
1426,3,0.0,0.0,1.0,0.0,0.0,0.0,0.0,0.0
1431,7,0.0,0.0,0.0,0.0,0.0,0.0,1.0,0.0
1433,2,0.0,1.0,0.0,0.0,0.0,0.0,0.0,0.0
1434,7,0.0,0.0,0.0,0.0,0.0,0.0,1.0,0.0
1436,7,0.0,0.0,0.0,0.0,0.0,0.0,1.0,0.0
1439,3,0.0,0.0,1.0,0.0,0.0,0.0,0.0,0.0
1440,2,0.0,1.0,0.0,0.0,0.0,0.0,0.0,0.0
1442,7,0.0,0.0,0.0,0.0,0.0,0.0,1.0,0.0
1443,6,0.0,0.0,0.0,0.0,0.0,1.0,0.0,0.0
1444,2,0.0,1.0,0.0,0.0,0.0,0.0,0.0,0.0
1445,7,0.0,0.0,0.0,0.0,0.0,0.0,1.0,0.0
1446,3,0.0,0.0,1.0,0.0,0.0,0.0,0.0,0.0
1447,3,0.0,0.0,1.0,0.0,0.0,0.0,0.0,0.0
1448,6,0.0,0.0,0.0,0.0,0.0,1.0,0.0,0.0
1449,7,0.0,0.0,0.0,0.0,0.0,0.0,1.0,0.0
1451,3,0.0,0.0,1.0,0.0,0.0,0.0,0.0,0.0
1459,6,0.0,0.0,0.0,0.0,0.0,1.0,0.0,0.0
1461,3,0.0,0.0,1.0,0.0,0.0,0.0,0.0,0.0
1462,6,0.0,0.0,0.0,0.0,0.0,1.0,0.0,0.0
1464,7,0.0,0.0,0.0,0.0,0.0,0.0,1.0,0.0
1466,3,0.0,0.0,1.0,0.0,0.0,0.0,0.0,0.0
1467,3,0.0,0.0,1.0,0.0,0.0,0.0,0.0,0.0
1470,3,0.0,0.0,1.0,0.0,0.0,0.0,0.0,0.0
1471,3,0.0,0.0,1.0,0.0,0.0,0.0,0.0,0.0
1473,7,0.0,0.0,0.0,0.0,0.0,0.0,1.0,0.0
1476,3,0.0,0.0,1.0,0.0,0.0,0.0,0.0,0.0
1477,3,0.0,0.0,1.0,0.0,0.0,0.0,0.0,0.0
1478,7,0.0,0.0,0.0,0.0,0.0,0.0,1.0,0.0
1479,3,0.0,0.0,1.0,0.0,0.0,0.0,0.0,0.0
1480,7,0.0,0.0,0.0,0.0,0.0,0.0,1.0,0.0
1481,3,0.0,0.0,1.0,0.0,0.0,0.0,0.0,0.0
1487,6,0.0,0.0,0.0,0.0,0.0,1.0,0.0,0.0
1490,7,0.0,0.0,0.0,0.0,0.0,0.0,1.0,0.0
1491,7,0.0,0.0,0.0,0.0,0.0,0.0,1.0,0.0
1492,7,0.0,0.0,0.0,0.0,0.0,0.0,1.0,0.0
1494,3,0.0,0.0,1.0,0.0,0.0,0.0,0.0,0.0
1495,3,0.0,0.0,1.0,0.0,0.0,0.0,0.0,0.0
1498,7,0.0,0.0,0.0,0.0,0.0,0.0,1.0,0.0
1500,6,0.0,0.0,0.0,0.0,0.0,1.0,0.0,0.0
1504,7,0.0,0.0,0.0,0.0,0.0,0.0,1.0,0.0
1509,7,0.0,0.0,0.0,0.0,0.0,0.0,1.0,0.0
1514,3,0.0,0.0,1.0,0.0,0.0,0.0,0.0,0.0
1517,3,0.0,0.0,1.0,0.0,0.0,0.0,0.0,0.0
1519,7,0.0,0.0,0.0,0.0,0.0,0.0,1.0,0.0
1520,3,0.0,0.0,1.0,0.0,0.0,0.0,0.0,0.0
1521,3,0.0,0.0,1.0,0.0,0.0,0.0,0.0,0.0
1522,3,0.0,0.0,1.0,0.0,0.0,0.0,0.0,0.0
1526,6,0.0,0.0,0.0,0.0,0.0,1.0,0.0,0.0
1528,7,0.0,0.0,0.0,0.0,0.0,0.0,1.0,0.0
1529,3,0.0,0.0,1.0,0.0,0.0,0.0,0.0,0.0
1530,6,0.0,0.0,0.0,0.0,0.0,1.0,0.0,0.0
1534,3,0.0,0.0,1.0,0.0,0.0,0.0,0.0,0.0
1536,3,0.0,0.0,1.0,0.0,0.0,0.0,0.0,0.0
1538,6,0.0,0.0,0.0,0.0,0.0,1.0,0.0,0.0
1539,3,0.0,0.0,1.0,0.0,0.0,0.0,0.0,0.0
1540,7,0.0,0.0,0.0,0.0,0.0,0.0,1.0,0.0
1541,3,0.0,0.0,1.0,0.0,0.0,0.0,0.0,0.0
1542,3,0.0,0.0,1.0,0.0,0.0,0.0,0.0,0.0
1543,6,0.0,0.0,0.0,0.0,0.0,1.0,0.0,0.0
1544,6,0.0,0.0,0.0,0.0,0.0,1.0,0.0,0.0
1546,6,0.0,0.0,0.0,0.0,0.0,1.0,0.0,0.0
1548,3,0.0,0.0,1.0,0.0,0.0,0.0,0.0,0.0
1551,3,0.0,0.0,1.0,0.0,0.0,0.0,0.0,0.0
1553,7,0.0,0.0,0.0,0.0,0.0,0.0,1.0,0.0
1554,6,0.0,0.0,0.0,0.0,0.0,1.0,0.0,0.0
1557,3,0.0,0.0,1.0,0.0,0.0,0.0,0.0,0.0
1558,3,0.0,0.0,1.0,0.0,0.0,0.0,0.0,0.0
1559,7,0.0,0.0,0.0,0.0,0.0,0.0,1.0,0.0
1563,3,0.0,0.0,1.0,0.0,0.0,0.0,0.0,0.0
1564,6,0.0,0.0,0.0,0.0,0.0,1.0,0.0,0.0
1565,3,0.0,0.0,1.0,0.0,0.0,0.0,0.0,0.0
1567,6,0.0,0.0,0.0,0.0,0.0,1.0,0.0,0.0
1568,7,0.0,0.0,0.0,0.0,0.0,0.0,1.0,0.0
1569,3,0.0,0.0,1.0,0.0,0.0,0.0,0.0,0.0
1571,3,0.0,0.0,1.0,0.0,0.0,0.0,0.0,0.0
1573,3,0.0,0.0,1.0,0.0,0.0,0.0,0.0,0.0
1582,6,0.0,0.0,0.0,0.0,0.0,1.0,0.0,0.0
1585,7,0.0,0.0,0.0,0.0,0.0,0.0,1.0,0.0
1586,6,0.0,0.0,0.0,0.0,0.0,1.0,0.0,0.0
1591,3,0.0,0.0,1.0,0.0,0.0,0.0,0.0,0.0
1592,6,0.0,0.0,0.0,0.0,0.0,1.0,0.0,0.0
1597,6,0.0,0.0,0.0,0.0,0.0,1.0,0.0,0.0
1601,6,0.0,0.0,0.0,0.0,0.0,1.0,0.0,0.0
1603,7,0.0,0.0,0.0,0.0,0.0,0.0,1.0,0.0
1604,2,0.0,1.0,0.0,0.0,0.0,0.0,0.0,0.0
1605,3,0.0,0.0,1.0,0.0,0.0,0.0,0.0,0.0
1606,3,0.0,0.0,1.0,0.0,0.0,0.0,0.0,0.0
1612,7,0.0,0.0,0.0,0.0,0.0,0.0,1.0,0.0
1613,7,0.0,0.0,0.0,0.0,0.0,0.0,1.0,0.0
1617,3,0.0,0.0,1.0,0.0,0.0,0.0,0.0,0.0
1618,3,0.0,0.0,1.0,0.0,0.0,0.0,0.0,0.0
1620,3,0.0,0.0,1.0,0.0,0.0,0.0,0.0,0.0
1623,3,0.0,0.0,1.0,0.0,0.0,0.0,0.0,0.0
1624,3,0.0,0.0,1.0,0.0,0.0,0.0,0.0,0.0
1625,3,0.0,0.0,1.0,0.0,0.0,0.0,0.0,0.0
1627,3,0.0,0.0,1.0,0.0,0.0,0.0,0.0,0.0
1628,7,0.0,0.0,0.0,0.0,0.0,0.0,1.0,0.0
1634,3,0.0,0.0,1.0,0.0,0.0,0.0,0.0,0.0
1636,3,0.0,0.0,1.0,0.0,0.0,0.0,0.0,0.0
1639,3,0.0,0.0,1.0,0.0,0.0,0.0,0.0,0.0
1641,3,0.0,0.0,1.0,0.0,0.0,0.0,0.0,0.0
1643,3,0.0,0.0,1.0,0.0,0.0,0.0,0.0,0.0
1647,6,0.0,0.0,0.0,0.0,0.0,1.0,0.0,0.0
1648,7,0.0,0.0,0.0,0.0,0.0,0.0,1.0,0.0
1649,3,0.0,0.0,1.0,0.0,0.0,0.0,0.0,0.0
1650,3,0.0,0.0,1.0,0.0,0.0,0.0,0.0,0.0
1653,6,0.0,0.0,0.0,0.0,0.0,1.0,0.0,0.0
1655,3,0.0,0.0,1.0,0.0,0.0,0.0,0.0,0.0
1656,3,0.0,0.0,1.0,0.0,0.0,0.0,0.0,0.0
1657,3,0.0,0.0,1.0,0.0,0.0,0.0,0.0,0.0
1658,3,0.0,0.0,1.0,0.0,0.0,0.0,0.0,0.0
1660,3,0.0,0.0,1.0,0.0,0.0,0.0,0.0,0.0
1661,3,0.0,0.0,1.0,0.0,0.0,0.0,0.0,0.0
1662,3,0.0,0.0,1.0,0.0,0.0,0.0,0.0,0.0
1663,3,0.0,0.0,1.0,0.0,0.0,0.0,0.0,0.0
1664,3,0.0,0.0,1.0,0.0,0.0,0.0,0.0,0.0
1665,7,0.0,0.0,0.0,0.0,0.0,0.0,1.0,0.0
1667,3,0.0,0.0,1.0,0.0,0.0,0.0,0.0,0.0
1668,3,0.0,0.0,1.0,0.0,0.0,0.0,0.0,0.0
1671,6,0.0,0.0,0.0,0.0,0.0,1.0,0.0,0.0
1672,2,0.0,1.0,0.0,0.0,0.0,0.0,0.0,0.0
1673,3,0.0,0.0,1.0,0.0,0.0,0.0,0.0,0.0
1674,3,0.0,0.0,1.0,0.0,0.0,0.0,0.0,0.0
1675,3,0.0,0.0,1.0,0.0,0.0,0.0,0.0,0.0
1678,3,0.0,0.0,1.0,0.0,0.0,0.0,0.0,0.0
1679,7,0.0,0.0,0.0,0.0,0.0,0.0,1.0,0.0
1681,3,0.0,0.0,1.0,0.0,0.0,0.0,0.0,0.0
1682,3,0.0,0.0,1.0,0.0,0.0,0.0,0.0,0.0
1684,7,0.0,0.0,0.0,0.0,0.0,0.0,1.0,0.0
1686,3,0.0,0.0,1.0,0.0,0.0,0.0,0.0,0.0
1691,6,0.0,0.0,0.0,0.0,0.0,1.0,0.0,0.0
1694,3,0.0,0.0,1.0,0.0,0.0,0.0,0.0,0.0
1696,3,0.0,0.0,1.0,0.0,0.0,0.0,0.0,0.0
1698,3,0.0,0.0,1.0,0.0,0.0,0.0,0.0,0.0
1701,7,0.0,0.0,0.0,0.0,0.0,0.0,1.0,0.0
1702,7,0.0,0.0,0.0,0.0,0.0,0.0,1.0,0.0
1703,3,0.0,0.0,1.0,0.0,0.0,0.0,0.0,0.0
1706,3,0.0,0.0,1.0,0.0,0.0,0.0,0.0,0.0
1708,3,0.0,0.0,1.0,0.0,0.0,0.0,0.0,0.0
1710,3,0.0,0.0,1.0,0.0,0.0,0.0,0.0,0.0
1712,3,0.0,0.0,1.0,0.0,0.0,0.0,0.0,0.0
1713,3,0.0,0.0,1.0,0.0,0.0,0.0,0.0,0.0
1715,6,0.0,0.0,0.0,0.0,0.0,1.0,0.0,0.0
1718,3,0.0,0.0,1.0,0.0,0.0,0.0,0.0,0.0
1719,7,0.0,0.0,0.0,0.0,0.0,0.0,1.0,0.0
1720,7,0.0,0.0,0.0,0.0,0.0,0.0,1.0,0.0
1721,3,0.0,0.0,1.0,0.0,0.0,0.0,0.0,0.0
1722,7,0.0,0.0,0.0,0.0,0.0,0.0,1.0,0.0
1731,7,0.0,0.0,0.0,0.0,0.0,0.0,1.0,0.0
1733,3,0.0,0.0,1.0,0.0,0.0,0.0,0.0,0.0
1735,2,0.0,1.0,0.0,0.0,0.0,0.0,0.0,0.0
1736,3,0.0,0.0,1.0,0.0,0.0,0.0,0.0,0.0
1739,6,0.0,0.0,0.0,0.0,0.0,1.0,0.0,0.0
1740,3,0.0,0.0,1.0,0.0,0.0,0.0,0.0,0.0
1741,3,0.0,0.0,1.0,0.0,0.0,0.0,0.0,0.0
1742,3,0.0,0.0,1.0,0.0,0.0,0.0,0.0,0.0
1750,7,0.0,0.0,0.0,0.0,0.0,0.0,1.0,0.0
1752,6,0.0,0.0,0.0,0.0,0.0,1.0,0.0,0.0
1754,3,0.0,0.0,1.0,0.0,0.0,0.0,0.0,0.0
1755,7,0.0,0.0,0.0,0.0,0.0,0.0,1.0,0.0
1759,3,0.0,0.0,1.0,0.0,0.0,0.0,0.0,0.0
1763,3,0.0,0.0,1.0,0.0,0.0,0.0,0.0,0.0
1766,3,0.0,0.0,1.0,0.0,0.0,0.0,0.0,0.0
1775,3,0.0,0.0,1.0,0.0,0.0,0.0,0.0,0.0
1776,3,0.0,0.0,1.0,0.0,0.0,0.0,0.0,0.0
1777,6,0.0,0.0,0.0,0.0,0.0,1.0,0.0,0.0
1782,2,0.0,1.0,0.0,0.0,0.0,0.0,0.0,0.0
1785,7,0.0,0.0,0.0,0.0,0.0,0.0,1.0,0.0
1786,3,0.0,0.0,1.0,0.0,0.0,0.0,0.0,0.0
1788,3,0.0,0.0,1.0,0.0,0.0,0.0,0.0,0.0
1789,3,0.0,0.0,1.0,0.0,0.0,0.0,0.0,0.0
1791,2,0.0,1.0,0.0,0.0,0.0,0.0,0.0,0.0
1797,3,0.0,0.0,1.0,0.0,0.0,0.0,0.0,0.0
1798,3,0.0,0.0,1.0,0.0,0.0,0.0,0.0,0.0
1800,7,0.0,0.0,0.0,0.0,0.0,0.0,1.0,0.0
1801,7,0.0,0.0,0.0,0.0,0.0,0.0,1.0,0.0
1805,7,0.0,0.0,0.0,0.0,0.0,0.0,1.0,0.0
1808,7,0.0,0.0,0.0,0.0,0.0,0.0,1.0,0.0
1809,3,0.0,0.0,1.0,0.0,0.0,0.0,0.0,0.0
1810,3,0.0,0.0,1.0,0.0,0.0,0.0,0.0,0.0
1811,3,0.0,0.0,1.0,0.0,0.0,0.0,0.0,0.0
1813,3,0.0,0.0,1.0,0.0,0.0,0.0,0.0,0.0
1814,3,0.0,0.0,1.0,0.0,0.0,0.0,0.0,0.0
1819,3,0.0,0.0,1.0,0.0,0.0,0.0,0.0,0.0
1820,3,0.0,0.0,1.0,0.0,0.0,0.0,0.0,0.0
1821,7,0.0,0.0,0.0,0.0,0.0,0.0,1.0,0.0
1822,3,0.0,0.0,1.0,0.0,0.0,0.0,0.0,0.0
1826,6,0.0,0.0,0.0,0.0,0.0,1.0,0.0,0.0
1827,6,0.0,0.0,0.0,0.0,0.0,1.0,0.0,0.0
1828,3,0.0,0.0,1.0,0.0,0.0,0.0,0.0,0.0
1831,7,0.0,0.0,0.0,0.0,0.0,0.0,1.0,0.0
1834,6,0.0,0.0,0.0,0.0,0.0,1.0,0.0,0.0
1836,3,0.0,0.0,1.0,0.0,0.0,0.0,0.0,0.0
1837,3,0.0,0.0,1.0,0.0,0.0,0.0,0.0,0.0
1839,3,0.0,0.0,1.0,0.0,0.0,0.0,0.0,0.0
1840,3,0.0,0.0,1.0,0.0,0.0,0.0,0.0,0.0
1844,7,0.0,0.0,0.0,0.0,0.0,0.0,1.0,0.0
1851,3,0.0,0.0,1.0,0.0,0.0,0.0,0.0,0.0
1856,3,0.0,0.0,1.0,0.0,0.0,0.0,0.0,0.0
1858,3,0.0,0.0,1.0,0.0,0.0,0.0,0.0,0.0
1861,3,0.0,0.0,1.0,0.0,0.0,0.0,0.0,0.0
1862,3,0.0,0.0,1.0,0.0,0.0,0.0,0.0,0.0
1863,7,0.0,0.0,0.0,0.0,0.0,0.0,1.0,0.0
1865,3,0.0,0.0,1.0,0.0,0.0,0.0,0.0,0.0
1867,3,0.0,0.0,1.0,0.0,0.0,0.0,0.0,0.0
1868,3,0.0,0.0,1.0,0.0,0.0,0.0,0.0,0.0
1869,6,0.0,0.0,0.0,0.0,0.0,1.0,0.0,0.0
1871,3,0.0,0.0,1.0,0.0,0.0,0.0,0.0,0.0
1874,3,0.0,0.0,1.0,0.0,0.0,0.0,0.0,0.0
1875,3,0.0,0.0,1.0,0.0,0.0,0.0,0.0,0.0
1876,3,0.0,0.0,1.0,0.0,0.0,0.0,0.0,0.0
1879,6,0.0,0.0,0.0,0.0,0.0,1.0,0.0,0.0
1880,3,0.0,0.0,1.0,0.0,0.0,0.0,0.0,0.0
1882,3,0.0,0.0,1.0,0.0,0.0,0.0,0.0,0.0
1885,7,0.0,0.0,0.0,0.0,0.0,0.0,1.0,0.0
1886,3,0.0,0.0,1.0,0.0,0.0,0.0,0.0,0.0
1887,3,0.0,0.0,1.0,0.0,0.0,0.0,0.0,0.0
1888,7,0.0,0.0,0.0,0.0,0.0,0.0,1.0,0.0
1893,3,0.0,0.0,1.0,0.0,0.0,0.0,0.0,0.0
1894,3,0.0,0.0,1.0,0.0,0.0,0.0,0.0,0.0
1897,3,0.0,0.0,1.0,0.0,0.0,0.0,0.0,0.0
1898,6,0.0,0.0,0.0,0.0,0.0,1.0,0.0,0.0
1900,6,0.0,0.0,0.0,0.0,0.0,1.0,0.0,0.0
1901,3,0.0,0.0,1.0,0.0,0.0,0.0,0.0,0.0
1902,3,0.0,0.0,1.0,0.0,0.0,0.0,0.0,0.0
1903,6,0.0,0.0,0.0,0.0,0.0,1.0,0.0,0.0
1905,3,0.0,0.0,1.0,0.0,0.0,0.0,0.0,0.0
1906,7,0.0,0.0,0.0,0.0,0.0,0.0,1.0,0.0
1909,6,0.0,0.0,0.0,0.0,0.0,1.0,0.0,0.0
1911,7,0.0,0.0,0.0,0.0,0.0,0.0,1.0,0.0
1912,7,0.0,0.0,0.0,0.0,0.0,0.0,1.0,0.0
1913,3,0.0,0.0,1.0,0.0,0.0,0.0,0.0,0.0
1915,2,0.0,1.0,0.0,0.0,0.0,0.0,0.0,0.0
1918,2,0.0,1.0,0.0,0.0,0.0,0.0,0.0,0.0
1923,3,0.0,0.0,1.0,0.0,0.0,0.0,0.0,0.0
1924,6,0.0,0.0,0.0,0.0,0.0,1.0,0.0,0.0
1927,3,0.0,0.0,1.0,0.0,0.0,0.0,0.0,0.0
1928,3,0.0,0.0,1.0,0.0,0.0,0.0,0.0,0.0
1930,3,0.0,0.0,1.0,0.0,0.0,0.0,0.0,0.0
1932,7,0.0,0.0,0.0,0.0,0.0,0.0,1.0,0.0
1933,3,0.0,0.0,1.0,0.0,0.0,0.0,0.0,0.0
1934,7,0.0,0.0,0.0,0.0,0.0,0.0,1.0,0.0
1940,3,0.0,0.0,1.0,0.0,0.0,0.0,0.0,0.0
1941,7,0.0,0.0,0.0,0.0,0.0,0.0,1.0,0.0
1943,3,0.0,0.0,1.0,0.0,0.0,0.0,0.0,0.0
1944,3,0.0,0.0,1.0,0.0,0.0,0.0,0.0,0.0
1946,3,0.0,0.0,1.0,0.0,0.0,0.0,0.0,0.0
1949,3,0.0,0.0,1.0,0.0,0.0,0.0,0.0,0.0
1953,3,0.0,0.0,1.0,0.0,0.0,0.0,0.0,0.0
1954,6,0.0,0.0,0.0,0.0,0.0,1.0,0.0,0.0
1956,6,0.0,0.0,0.0,0.0,0.0,1.0,0.0,0.0
1958,3,0.0,0.0,1.0,0.0,0.0,0.0,0.0,0.0
1960,3,0.0,0.0,1.0,0.0,0.0,0.0,0.0,0.0
1962,3,0.0,0.0,1.0,0.0,0.0,0.0,0.0,0.0
1967,3,0.0,0.0,1.0,0.0,0.0,0.0,0.0,0.0
1968,7,0.0,0.0,0.0,0.0,0.0,0.0,1.0,0.0
1975,6,0.0,0.0,0.0,0.0,0.0,1.0,0.0,0.0
1976,3,0.0,0.0,1.0,0.0,0.0,0.0,0.0,0.0
1979,3,0.0,0.0,1.0,0.0,0.0,0.0,0.0,0.0
1982,3,0.0,0.0,1.0,0.0,0.0,0.0,0.0,0.0
1983,7,0.0,0.0,0.0,0.0,0.0,0.0,1.0,0.0
1986,7,0.0,0.0,0.0,0.0,0.0,0.0,1.0,0.0
1991,3,0.0,0.0,1.0,0.0,0.0,0.0,0.0,0.0
1993,3,0.0,0.0,1.0,0.0,0.0,0.0,0.0,0.0
1994,7,0.0,0.0,0.0,0.0,0.0,0.0,1.0,0.0
1996,3,0.0,0.0,1.0,0.0,0.0,0.0,0.0,0.0
1997,2,0.0,1.0,0.0,0.0,0.0,0.0,0.0,0.0
1999,3,0.0,0.0,1.0,0.0,0.0,0.0,0.0,0.0
2001,6,0.0,0.0,0.0,0.0,0.0,1.0,0.0,0.0
2003,3,0.0,0.0,1.0,0.0,0.0,0.0,0.0,0.0
2005,6,0.0,0.0,0.0,0.0,0.0,1.0,0.0,0.0
2006,7,0.0,0.0,0.0,0.0,0.0,0.0,1.0,0.0
2011,3,0.0,0.0,1.0,0.0,0.0,0.0,0.0,0.0
2012,6,0.0,0.0,0.0,0.0,0.0,1.0,0.0,0.0
2015,6,0.0,0.0,0.0,0.0,0.0,1.0,0.0,0.0
2020,3,0.0,0.0,1.0,0.0,0.0,0.0,0.0,0.0
2022,3,0.0,0.0,1.0,0.0,0.0,0.0,0.0,0.0
2025,6,0.0,0.0,0.0,0.0,0.0,1.0,0.0,0.0
2027,3,0.0,0.0,1.0,0.0,0.0,0.0,0.0,0.0
2029,6,0.0,0.0,0.0,0.0,0.0,1.0,0.0,0.0
2031,3,0.0,0.0,1.0,0.0,0.0,0.0,0.0,0.0
2033,6,0.0,0.0,0.0,0.0,0.0,1.0,0.0,0.0
2034,3,0.0,0.0,1.0,0.0,0.0,0.0,0.0,0.0
2035,3,0.0,0.0,1.0,0.0,0.0,0.0,0.0,0.0
2036,7,0.0,0.0,0.0,0.0,0.0,0.0,1.0,0.0
2038,3,0.0,0.0,1.0,0.0,0.0,0.0,0.0,0.0
2041,2,0.0,1.0,0.0,0.0,0.0,0.0,0.0,0.0
2043,3,0.0,0.0,1.0,0.0,0.0,0.0,0.0,0.0
2050,3,0.0,0.0,1.0,0.0,0.0,0.0,0.0,0.0
2051,3,0.0,0.0,1.0,0.0,0.0,0.0,0.0,0.0
2054,7,0.0,0.0,0.0,0.0,0.0,0.0,1.0,0.0
2055,6,0.0,0.0,0.0,0.0,0.0,1.0,0.0,0.0
2057,7,0.0,0.0,0.0,0.0,0.0,0.0,1.0,0.0
2059,3,0.0,0.0,1.0,0.0,0.0,0.0,0.0,0.0
2061,7,0.0,0.0,0.0,0.0,0.0,0.0,1.0,0.0
2063,7,0.0,0.0,0.0,0.0,0.0,0.0,1.0,0.0
2066,3,0.0,0.0,1.0,0.0,0.0,0.0,0.0,0.0
2069,3,0.0,0.0,1.0,0.0,0.0,0.0,0.0,0.0
2070,3,0.0,0.0,1.0,0.0,0.0,0.0,0.0,0.0
2072,3,0.0,0.0,1.0,0.0,0.0,0.0,0.0,0.0
2074,3,0.0,0.0,1.0,0.0,0.0,0.0,0.0,0.0
2078,2,0.0,1.0,0.0,0.0,0.0,0.0,0.0,0.0
2080,3,0.0,0.0,1.0,0.0,0.0,0.0,0.0,0.0
2082,3,0.0,0.0,1.0,0.0,0.0,0.0,0.0,0.0
2094,3,0.0,0.0,1.0,0.0,0.0,0.0,0.0,0.0
2095,3,0.0,0.0,1.0,0.0,0.0,0.0,0.0,0.0
2096,3,0.0,0.0,1.0,0.0,0.0,0.0,0.0,0.0
2105,6,0.0,0.0,0.0,0.0,0.0,1.0,0.0,0.0
2108,3,0.0,0.0,1.0,0.0,0.0,0.0,0.0,0.0
2111,6,0.0,0.0,0.0,0.0,0.0,1.0,0.0,0.0
2114,3,0.0,0.0,1.0,0.0,0.0,0.0,0.0,0.0
2115,3,0.0,0.0,1.0,0.0,0.0,0.0,0.0,0.0
2118,3,0.0,0.0,1.0,0.0,0.0,0.0,0.0,0.0
2119,6,0.0,0.0,0.0,0.0,0.0,1.0,0.0,0.0
2120,3,0.0,0.0,1.0,0.0,0.0,0.0,0.0,0.0
2128,3,0.0,0.0,1.0,0.0,0.0,0.0,0.0,0.0
2130,6,0.0,0.0,0.0,0.0,0.0,1.0,0.0,0.0
2132,2,0.0,1.0,0.0,0.0,0.0,0.0,0.0,0.0
2133,7,0.0,0.0,0.0,0.0,0.0,0.0,1.0,0.0
2134,3,0.0,0.0,1.0,0.0,0.0,0.0,0.0,0.0
2138,7,0.0,0.0,0.0,0.0,0.0,0.0,1.0,0.0
2139,3,0.0,0.0,1.0,0.0,0.0,0.0,0.0,0.0
2142,3,0.0,0.0,1.0,0.0,0.0,0.0,0.0,0.0
2143,3,0.0,0.0,1.0,0.0,0.0,0.0,0.0,0.0
2144,7,0.0,0.0,0.0,0.0,0.0,0.0,1.0,0.0
2146,6,0.0,0.0,0.0,0.0,0.0,1.0,0.0,0.0
2148,6,0.0,0.0,0.0,0.0,0.0,1.0,0.0,0.0
2149,3,0.0,0.0,1.0,0.0,0.0,0.0,0.0,0.0
2151,3,0.0,0.0,1.0,0.0,0.0,0.0,0.0,0.0
2152,3,0.0,0.0,1.0,0.0,0.0,0.0,0.0,0.0
2153,3,0.0,0.0,1.0,0.0,0.0,0.0,0.0,0.0
2154,7,0.0,0.0,0.0,0.0,0.0,0.0,1.0,0.0
2155,3,0.0,0.0,1.0,0.0,0.0,0.0,0.0,0.0
2158,7,0.0,0.0,0.0,0.0,0.0,0.0,1.0,0.0
2159,3,0.0,0.0,1.0,0.0,0.0,0.0,0.0,0.0
2160,6,0.0,0.0,0.0,0.0,0.0,1.0,0.0,0.0
2161,3,0.0,0.0,1.0,0.0,0.0,0.0,0.0,0.0
2162,3,0.0,0.0,1.0,0.0,0.0,0.0,0.0,0.0
2163,3,0.0,0.0,1.0,0.0,0.0,0.0,0.0,0.0
2166,3,0.0,0.0,1.0,0.0,0.0,0.0,0.0,0.0
2169,6,0.0,0.0,0.0,0.0,0.0,1.0,0.0,0.0
2171,6,0.0,0.0,0.0,0.0,0.0,1.0,0.0,0.0
2173,3,0.0,0.0,1.0,0.0,0.0,0.0,0.0,0.0
2174,7,0.0,0.0,0.0,0.0,0.0,0.0,1.0,0.0
2175,7,0.0,0.0,0.0,0.0,0.0,0.0,1.0,0.0
2181,3,0.0,0.0,1.0,0.0,0.0,0.0,0.0,0.0
2185,7,0.0,0.0,0.0,0.0,0.0,0.0,1.0,0.0
2188,3,0.0,0.0,1.0,0.0,0.0,0.0,0.0,0.0
2189,7,0.0,0.0,0.0,0.0,0.0,0.0,1.0,0.0
2191,2,0.0,1.0,0.0,0.0,0.0,0.0,0.0,0.0
2192,3,0.0,0.0,1.0,0.0,0.0,0.0,0.0,0.0
2193,3,0.0,0.0,1.0,0.0,0.0,0.0,0.0,0.0
2195,3,0.0,0.0,1.0,0.0,0.0,0.0,0.0,0.0
2196,3,0.0,0.0,1.0,0.0,0.0,0.0,0.0,0.0
2199,7,0.0,0.0,0.0,0.0,0.0,0.0,1.0,0.0
2200,3,0.0,0.0,1.0,0.0,0.0,0.0,0.0,0.0
2201,3,0.0,0.0,1.0,0.0,0.0,0.0,0.0,0.0
2202,3,0.0,0.0,1.0,0.0,0.0,0.0,0.0,0.0
2204,2,0.0,1.0,0.0,0.0,0.0,0.0,0.0,0.0
2205,3,0.0,0.0,1.0,0.0,0.0,0.0,0.0,0.0
2208,6,0.0,0.0,0.0,0.0,0.0,1.0,0.0,0.0
2209,6,0.0,0.0,0.0,0.0,0.0,1.0,0.0,0.0
2210,3,0.0,0.0,1.0,0.0,0.0,0.0,0.0,0.0
2211,6,0.0,0.0,0.0,0.0,0.0,1.0,0.0,0.0
2216,3,0.0,0.0,1.0,0.0,0.0,0.0,0.0,0.0
2217,6,0.0,0.0,0.0,0.0,0.0,1.0,0.0,0.0
2218,7,0.0,0.0,0.0,0.0,0.0,0.0,1.0,0.0
2219,6,0.0,0.0,0.0,0.0,0.0,1.0,0.0,0.0
2220,6,0.0,0.0,0.0,0.0,0.0,1.0,0.0,0.0
2221,6,0.0,0.0,0.0,0.0,0.0,1.0,0.0,0.0
2224,3,0.0,0.0,1.0,0.0,0.0,0.0,0.0,0.0
2225,3,0.0,0.0,1.0,0.0,0.0,0.0,0.0,0.0
2226,3,0.0,0.0,1.0,0.0,0.0,0.0,0.0,0.0
2230,3,0.0,0.0,1.0,0.0,0.0,0.0,0.0,0.0
2242,3,0.0,0.0,1.0,0.0,0.0,0.0,0.0,0.0
2244,3,0.0,0.0,1.0,0.0,0.0,0.0,0.0,0.0
2245,3,0.0,0.0,1.0,0.0,0.0,0.0,0.0,0.0
2249,3,0.0,0.0,1.0,0.0,0.0,0.0,0.0,0.0
2251,2,0.0,1.0,0.0,0.0,0.0,0.0,0.0,0.0
2252,3,0.0,0.0,1.0,0.0,0.0,0.0,0.0,0.0
2253,6,0.0,0.0,0.0,0.0,0.0,1.0,0.0,0.0
2256,6,0.0,0.0,0.0,0.0,0.0,1.0,0.0,0.0
2257,7,0.0,0.0,0.0,0.0,0.0,0.0,1.0,0.0
2259,6,0.0,0.0,0.0,0.0,0.0,1.0,0.0,0.0
2262,6,0.0,0.0,0.0,0.0,0.0,1.0,0.0,0.0
2263,3,0.0,0.0,1.0,0.0,0.0,0.0,0.0,0.0
2266,6,0.0,0.0,0.0,0.0,0.0,1.0,0.0,0.0
2268,3,0.0,0.0,1.0,0.0,0.0,0.0,0.0,0.0
2271,3,0.0,0.0,1.0,0.0,0.0,0.0,0.0,0.0
2273,3,0.0,0.0,1.0,0.0,0.0,0.0,0.0,0.0
2275,3,0.0,0.0,1.0,0.0,0.0,0.0,0.0,0.0
2276,3,0.0,0.0,1.0,0.0,0.0,0.0,0.0,0.0
2278,3,0.0,0.0,1.0,0.0,0.0,0.0,0.0,0.0
2279,3,0.0,0.0,1.0,0.0,0.0,0.0,0.0,0.0
2282,7,0.0,0.0,0.0,0.0,0.0,0.0,1.0,0.0
2283,3,0.0,0.0,1.0,0.0,0.0,0.0,0.0,0.0
2284,3,0.0,0.0,1.0,0.0,0.0,0.0,0.0,0.0
2286,3,0.0,0.0,1.0,0.0,0.0,0.0,0.0,0.0
2288,2,0.0,1.0,0.0,0.0,0.0,0.0,0.0,0.0
2289,7,0.0,0.0,0.0,0.0,0.0,0.0,1.0,0.0
2290,3,0.0,0.0,1.0,0.0,0.0,0.0,0.0,0.0
2292,7,0.0,0.0,0.0,0.0,0.0,0.0,1.0,0.0
2293,7,0.0,0.0,0.0,0.0,0.0,0.0,1.0,0.0
2298,3,0.0,0.0,1.0,0.0,0.0,0.0,0.0,0.0
2299,3,0.0,0.0,1.0,0.0,0.0,0.0,0.0,0.0
2300,7,0.0,0.0,0.0,0.0,0.0,0.0,1.0,0.0
2301,3,0.0,0.0,1.0,0.0,0.0,0.0,0.0,0.0
2305,3,0.0,0.0,1.0,0.0,0.0,0.0,0.0,0.0
2306,3,0.0,0.0,1.0,0.0,0.0,0.0,0.0,0.0
2311,3,0.0,0.0,1.0,0.0,0.0,0.0,0.0,0.0
2312,7,0.0,0.0,0.0,0.0,0.0,0.0,1.0,0.0
2316,3,0.0,0.0,1.0,0.0,0.0,0.0,0.0,0.0
2318,2,0.0,1.0,0.0,0.0,0.0,0.0,0.0,0.0
2319,3,0.0,0.0,1.0,0.0,0.0,0.0,0.0,0.0
2321,3,0.0,0.0,1.0,0.0,0.0,0.0,0.0,0.0
2324,7,0.0,0.0,0.0,0.0,0.0,0.0,1.0,0.0
2328,3,0.0,0.0,1.0,0.0,0.0,0.0,0.0,0.0
2329,3,0.0,0.0,1.0,0.0,0.0,0.0,0.0,0.0
2330,6,0.0,0.0,0.0,0.0,0.0,1.0,0.0,0.0
2333,3,0.0,0.0,1.0,0.0,0.0,0.0,0.0,0.0
2334,3,0.0,0.0,1.0,0.0,0.0,0.0,0.0,0.0
2336,7,0.0,0.0,0.0,0.0,0.0,0.0,1.0,0.0
2339,3,0.0,0.0,1.0,0.0,0.0,0.0,0.0,0.0
2342,7,0.0,0.0,0.0,0.0,0.0,0.0,1.0,0.0
2343,3,0.0,0.0,1.0,0.0,0.0,0.0,0.0,0.0
2345,3,0.0,0.0,1.0,0.0,0.0,0.0,0.0,0.0
2346,7,0.0,0.0,0.0,0.0,0.0,0.0,1.0,0.0
2349,3,0.0,0.0,1.0,0.0,0.0,0.0,0.0,0.0
2350,3,0.0,0.0,1.0,0.0,0.0,0.0,0.0,0.0
2352,3,0.0,0.0,1.0,0.0,0.0,0.0,0.0,0.0
2355,7,0.0,0.0,0.0,0.0,0.0,0.0,1.0,0.0
2358,7,0.0,0.0,0.0,0.0,0.0,0.0,1.0,0.0
2360,3,0.0,0.0,1.0,0.0,0.0,0.0,0.0,0.0
2362,7,0.0,0.0,0.0,0.0,0.0,0.0,1.0,0.0
2364,2,0.0,1.0,0.0,0.0,0.0,0.0,0.0,0.0
2365,3,0.0,0.0,1.0,0.0,0.0,0.0,0.0,0.0
2367,3,0.0,0.0,1.0,0.0,0.0,0.0,0.0,0.0
2368,3,0.0,0.0,1.0,0.0,0.0,0.0,0.0,0.0
2369,3,0.0,0.0,1.0,0.0,0.0,0.0,0.0,0.0
2370,7,0.0,0.0,0.0,0.0,0.0,0.0,1.0,0.0
2371,3,0.0,0.0,1.0,0.0,0.0,0.0,0.0,0.0
2373,7,0.0,0.0,0.0,0.0,0.0,0.0,1.0,0.0
2374,3,0.0,0.0,1.0,0.0,0.0,0.0,0.0,0.0
2377,3,0.0,0.0,1.0,0.0,0.0,0.0,0.0,0.0
2378,3,0.0,0.0,1.0,0.0,0.0,0.0,0.0,0.0
2379,6,0.0,0.0,0.0,0.0,0.0,1.0,0.0,0.0
2380,7,0.0,0.0,0.0,0.0,0.0,0.0,1.0,0.0
2382,3,0.0,0.0,1.0,0.0,0.0,0.0,0.0,0.0
2384,3,0.0,0.0,1.0,0.0,0.0,0.0,0.0,0.0
2387,3,0.0,0.0,1.0,0.0,0.0,0.0,0.0,0.0
2388,3,0.0,0.0,1.0,0.0,0.0,0.0,0.0,0.0
2393,3,0.0,0.0,1.0,0.0,0.0,0.0,0.0,0.0
2394,3,0.0,0.0,1.0,0.0,0.0,0.0,0.0,0.0
2395,7,0.0,0.0,0.0,0.0,0.0,0.0,1.0,0.0
2397,7,0.0,0.0,0.0,0.0,0.0,0.0,1.0,0.0
2398,6,0.0,0.0,0.0,0.0,0.0,1.0,0.0,0.0
2399,3,0.0,0.0,1.0,0.0,0.0,0.0,0.0,0.0
2400,3,0.0,0.0,1.0,0.0,0.0,0.0,0.0,0.0
2403,2,0.0,1.0,0.0,0.0,0.0,0.0,0.0,0.0
2405,6,0.0,0.0,0.0,0.0,0.0,1.0,0.0,0.0
2412,7,0.0,0.0,0.0,0.0,0.0,0.0,1.0,0.0
2413,2,0.0,1.0,0.0,0.0,0.0,0.0,0.0,0.0
2414,7,0.0,0.0,0.0,0.0,0.0,0.0,1.0,0.0
2416,7,0.0,0.0,0.0,0.0,0.0,0.0,1.0,0.0
2418,6,0.0,0.0,0.0,0.0,0.0,1.0,0.0,0.0
2422,3,0.0,0.0,1.0,0.0,0.0,0.0,0.0,0.0
2423,7,0.0,0.0,0.0,0.0,0.0,0.0,1.0,0.0
2424,3,0.0,0.0,1.0,0.0,0.0,0.0,0.0,0.0
2425,3,0.0,0.0,1.0,0.0,0.0,0.0,0.0,0.0
2426,7,0.0,0.0,0.0,0.0,0.0,0.0,1.0,0.0
2427,3,0.0,0.0,1.0,0.0,0.0,0.0,0.0,0.0
2428,3,0.0,0.0,1.0,0.0,0.0,0.0,0.0,0.0
2430,7,0.0,0.0,0.0,0.0,0.0,0.0,1.0,0.0
2431,6,0.0,0.0,0.0,0.0,0.0,1.0,0.0,0.0
2434,3,0.0,0.0,1.0,0.0,0.0,0.0,0.0,0.0
2439,3,0.0,0.0,1.0,0.0,0.0,0.0,0.0,0.0
2443,3,0.0,0.0,1.0,0.0,0.0,0.0,0.0,0.0
2447,3,0.0,0.0,1.0,0.0,0.0,0.0,0.0,0.0
2448,3,0.0,0.0,1.0,0.0,0.0,0.0,0.0,0.0
2449,3,0.0,0.0,1.0,0.0,0.0,0.0,0.0,0.0
2450,3,0.0,0.0,1.0,0.0,0.0,0.0,0.0,0.0
2453,3,0.0,0.0,1.0,0.0,0.0,0.0,0.0,0.0
2454,3,0.0,0.0,1.0,0.0,0.0,0.0,0.0,0.0
2456,3,0.0,0.0,1.0,0.0,0.0,0.0,0.0,0.0
2457,3,0.0,0.0,1.0,0.0,0.0,0.0,0.0,0.0
2460,3,0.0,0.0,1.0,0.0,0.0,0.0,0.0,0.0
2464,6,0.0,0.0,0.0,0.0,0.0,1.0,0.0,0.0
2465,3,0.0,0.0,1.0,0.0,0.0,0.0,0.0,0.0
2467,3,0.0,0.0,1.0,0.0,0.0,0.0,0.0,0.0
2468,6,0.0,0.0,0.0,0.0,0.0,1.0,0.0,0.0
2471,3,0.0,0.0,1.0,0.0,0.0,0.0,0.0,0.0
2474,3,0.0,0.0,1.0,0.0,0.0,0.0,0.0,0.0
2476,3,0.0,0.0,1.0,0.0,0.0,0.0,0.0,0.0
2477,6,0.0,0.0,0.0,0.0,0.0,1.0,0.0,0.0
2478,6,0.0,0.0,0.0,0.0,0.0,1.0,0.0,0.0
2479,6,0.0,0.0,0.0,0.0,0.0,1.0,0.0,0.0
2480,6,0.0,0.0,0.0,0.0,0.0,1.0,0.0,0.0
2481,3,0.0,0.0,1.0,0.0,0.0,0.0,0.0,0.0
2483,3,0.0,0.0,1.0,0.0,0.0,0.0,0.0,0.0
2484,6,0.0,0.0,0.0,0.0,0.0,1.0,0.0,0.0
2485,3,0.0,0.0,1.0,0.0,0.0,0.0,0.0,0.0
2487,6,0.0,0.0,0.0,0.0,0.0,1.0,0.0,0.0
2495,3,0.0,0.0,1.0,0.0,0.0,0.0,0.0,0.0
2497,3,0.0,0.0,1.0,0.0,0.0,0.0,0.0,0.0
2498,3,0.0,0.0,1.0,0.0,0.0,0.0,0.0,0.0
2504,3,0.0,0.0,1.0,0.0,0.0,0.0,0.0,0.0
2505,3,0.0,0.0,1.0,0.0,0.0,0.0,0.0,0.0
2507,3,0.0,0.0,1.0,0.0,0.0,0.0,0.0,0.0
2509,3,0.0,0.0,1.0,0.0,0.0,0.0,0.0,0.0
2515,2,0.0,1.0,0.0,0.0,0.0,0.0,0.0,0.0
2520,3,0.0,0.0,1.0,0.0,0.0,0.0,0.0,0.0
2523,3,0.0,0.0,1.0,0.0,0.0,0.0,0.0,0.0
2524,7,0.0,0.0,0.0,0.0,0.0,0.0,1.0,0.0
2527,3,0.0,0.0,1.0,0.0,0.0,0.0,0.0,0.0
2528,3,0.0,0.0,1.0,0.0,0.0,0.0,0.0,0.0
2529,2,0.0,1.0,0.0,0.0,0.0,0.0,0.0,0.0
2533,7,0.0,0.0,0.0,0.0,0.0,0.0,1.0,0.0
2535,6,0.0,0.0,0.0,0.0,0.0,1.0,0.0,0.0
2538,6,0.0,0.0,0.0,0.0,0.0,1.0,0.0,0.0
2539,3,0.0,0.0,1.0,0.0,0.0,0.0,0.0,0.0
2541,3,0.0,0.0,1.0,0.0,0.0,0.0,0.0,0.0
2542,3,0.0,0.0,1.0,0.0,0.0,0.0,0.0,0.0
2545,6,0.0,0.0,0.0,0.0,0.0,1.0,0.0,0.0
2546,3,0.0,0.0,1.0,0.0,0.0,0.0,0.0,0.0
2548,3,0.0,0.0,1.0,0.0,0.0,0.0,0.0,0.0
2550,7,0.0,0.0,0.0,0.0,0.0,0.0,1.0,0.0
2551,7,0.0,0.0,0.0,0.0,0.0,0.0,1.0,0.0
2552,3,0.0,0.0,1.0,0.0,0.0,0.0,0.0,0.0
2553,3,0.0,0.0,1.0,0.0,0.0,0.0,0.0,0.0
2557,3,0.0,0.0,1.0,0.0,0.0,0.0,0.0,0.0
2559,7,0.0,0.0,0.0,0.0,0.0,0.0,1.0,0.0
2560,3,0.0,0.0,1.0,0.0,0.0,0.0,0.0,0.0
2565,7,0.0,0.0,0.0,0.0,0.0,0.0,1.0,0.0
2566,3,0.0,0.0,1.0,0.0,0.0,0.0,0.0,0.0
2568,7,0.0,0.0,0.0,0.0,0.0,0.0,1.0,0.0
2569,7,0.0,0.0,0.0,0.0,0.0,0.0,1.0,0.0
2570,3,0.0,0.0,1.0,0.0,0.0,0.0,0.0,0.0
2571,3,0.0,0.0,1.0,0.0,0.0,0.0,0.0,0.0
2573,3,0.0,0.0,1.0,0.0,0.0,0.0,0.0,0.0
2576,3,0.0,0.0,1.0,0.0,0.0,0.0,0.0,0.0
2578,3,0.0,0.0,1.0,0.0,0.0,0.0,0.0,0.0
2581,3,0.0,0.0,1.0,0.0,0.0,0.0,0.0,0.0
2587,6,0.0,0.0,0.0,0.0,0.0,1.0,0.0,0.0
2591,3,0.0,0.0,1.0,0.0,0.0,0.0,0.0,0.0
2595,3,0.0,0.0,1.0,0.0,0.0,0.0,0.0,0.0
2598,2,0.0,1.0,0.0,0.0,0.0,0.0,0.0,0.0
2599,3,0.0,0.0,1.0,0.0,0.0,0.0,0.0,0.0
2600,6,0.0,0.0,0.0,0.0,0.0,1.0,0.0,0.0
2601,7,0.0,0.0,0.0,0.0,0.0,0.0,1.0,0.0
2604,3,0.0,0.0,1.0,0.0,0.0,0.0,0.0,0.0
2605,3,0.0,0.0,1.0,0.0,0.0,0.0,0.0,0.0
2609,7,0.0,0.0,0.0,0.0,0.0,0.0,1.0,0.0
2611,6,0.0,0.0,0.0,0.0,0.0,1.0,0.0,0.0
2614,3,0.0,0.0,1.0,0.0,0.0,0.0,0.0,0.0
2617,3,0.0,0.0,1.0,0.0,0.0,0.0,0.0,0.0
2620,6,0.0,0.0,0.0,0.0,0.0,1.0,0.0,0.0
2622,3,0.0,0.0,1.0,0.0,0.0,0.0,0.0,0.0
2623,7,0.0,0.0,0.0,0.0,0.0,0.0,1.0,0.0
2626,3,0.0,0.0,1.0,0.0,0.0,0.0,0.0,0.0
2628,3,0.0,0.0,1.0,0.0,0.0,0.0,0.0,0.0
2629,6,0.0,0.0,0.0,0.0,0.0,1.0,0.0,0.0
2636,7,0.0,0.0,0.0,0.0,0.0,0.0,1.0,0.0
2637,3,0.0,0.0,1.0,0.0,0.0,0.0,0.0,0.0
2638,2,0.0,1.0,0.0,0.0,0.0,0.0,0.0,0.0
2639,3,0.0,0.0,1.0,0.0,0.0,0.0,0.0,0.0
2640,3,0.0,0.0,1.0,0.0,0.0,0.0,0.0,0.0
2641,3,0.0,0.0,1.0,0.0,0.0,0.0,0.0,0.0
2647,3,0.0,0.0,1.0,0.0,0.0,0.0,0.0,0.0
2650,3,0.0,0.0,1.0,0.0,0.0,0.0,0.0,0.0
2651,2,0.0,1.0,0.0,0.0,0.0,0.0,0.0,0.0
2653,3,0.0,0.0,1.0,0.0,0.0,0.0,0.0,0.0
2655,3,0.0,0.0,1.0,0.0,0.0,0.0,0.0,0.0
2659,3,0.0,0.0,1.0,0.0,0.0,0.0,0.0,0.0
2660,3,0.0,0.0,1.0,0.0,0.0,0.0,0.0,0.0
2661,3,0.0,0.0,1.0,0.0,0.0,0.0,0.0,0.0
2662,3,0.0,0.0,1.0,0.0,0.0,0.0,0.0,0.0
2666,7,0.0,0.0,0.0,0.0,0.0,0.0,1.0,0.0
2667,3,0.0,0.0,1.0,0.0,0.0,0.0,0.0,0.0
2669,3,0.0,0.0,1.0,0.0,0.0,0.0,0.0,0.0
2671,3,0.0,0.0,1.0,0.0,0.0,0.0,0.0,0.0
2674,7,0.0,0.0,0.0,0.0,0.0,0.0,1.0,0.0
2676,3,0.0,0.0,1.0,0.0,0.0,0.0,0.0,0.0
2677,3,0.0,0.0,1.0,0.0,0.0,0.0,0.0,0.0
2679,3,0.0,0.0,1.0,0.0,0.0,0.0,0.0,0.0
2680,3,0.0,0.0,1.0,0.0,0.0,0.0,0.0,0.0
2683,3,0.0,0.0,1.0,0.0,0.0,0.0,0.0,0.0
2684,3,0.0,0.0,1.0,0.0,0.0,0.0,0.0,0.0
2685,3,0.0,0.0,1.0,0.0,0.0,0.0,0.0,0.0
2686,3,0.0,0.0,1.0,0.0,0.0,0.0,0.0,0.0
2688,2,0.0,1.0,0.0,0.0,0.0,0.0,0.0,0.0
2690,7,0.0,0.0,0.0,0.0,0.0,0.0,1.0,0.0
2691,6,0.0,0.0,0.0,0.0,0.0,1.0,0.0,0.0
2692,3,0.0,0.0,1.0,0.0,0.0,0.0,0.0,0.0
2697,3,0.0,0.0,1.0,0.0,0.0,0.0,0.0,0.0
2699,3,0.0,0.0,1.0,0.0,0.0,0.0,0.0,0.0
2702,3,0.0,0.0,1.0,0.0,0.0,0.0,0.0,0.0
2703,3,0.0,0.0,1.0,0.0,0.0,0.0,0.0,0.0
2704,6,0.0,0.0,0.0,0.0,0.0,1.0,0.0,0.0
2708,3,0.0,0.0,1.0,0.0,0.0,0.0,0.0,0.0
2709,7,0.0,0.0,0.0,0.0,0.0,0.0,1.0,0.0
2711,3,0.0,0.0,1.0,0.0,0.0,0.0,0.0,0.0
2712,3,0.0,0.0,1.0,0.0,0.0,0.0,0.0,0.0
2718,7,0.0,0.0,0.0,0.0,0.0,0.0,1.0,0.0
2719,2,0.0,1.0,0.0,0.0,0.0,0.0,0.0,0.0
2723,3,0.0,0.0,1.0,0.0,0.0,0.0,0.0,0.0
2730,3,0.0,0.0,1.0,0.0,0.0,0.0,0.0,0.0
2733,7,0.0,0.0,0.0,0.0,0.0,0.0,1.0,0.0
2736,3,0.0,0.0,1.0,0.0,0.0,0.0,0.0,0.0
2738,6,0.0,0.0,0.0,0.0,0.0,1.0,0.0,0.0
2739,6,0.0,0.0,0.0,0.0,0.0,1.0,0.0,0.0
2740,6,0.0,0.0,0.0,0.0,0.0,1.0,0.0,0.0
2741,7,0.0,0.0,0.0,0.0,0.0,0.0,1.0,0.0
2742,6,0.0,0.0,0.0,0.0,0.0,1.0,0.0,0.0
2744,3,0.0,0.0,1.0,0.0,0.0,0.0,0.0,0.0
2749,3,0.0,0.0,1.0,0.0,0.0,0.0,0.0,0.0
2751,7,0.0,0.0,0.0,0.0,0.0,0.0,1.0,0.0
2752,3,0.0,0.0,1.0,0.0,0.0,0.0,0.0,0.0
2756,2,0.0,1.0,0.0,0.0,0.0,0.0,0.0,0.0
2757,2,0.0,1.0,0.0,0.0,0.0,0.0,0.0,0.0
2758,3,0.0,0.0,1.0,0.0,0.0,0.0,0.0,0.0
2760,3,0.0,0.0,1.0,0.0,0.0,0.0,0.0,0.0
2762,3,0.0,0.0,1.0,0.0,0.0,0.0,0.0,0.0
2764,3,0.0,0.0,1.0,0.0,0.0,0.0,0.0,0.0
2766,3,0.0,0.0,1.0,0.0,0.0,0.0,0.0,0.0
2769,3,0.0,0.0,1.0,0.0,0.0,0.0,0.0,0.0
2771,7,0.0,0.0,0.0,0.0,0.0,0.0,1.0,0.0
2772,6,0.0,0.0,0.0,0.0,0.0,1.0,0.0,0.0
2773,2,0.0,1.0,0.0,0.0,0.0,0.0,0.0,0.0
2777,3,0.0,0.0,1.0,0.0,0.0,0.0,0.0,0.0
2780,6,0.0,0.0,0.0,0.0,0.0,1.0,0.0,0.0
2782,3,0.0,0.0,1.0,0.0,0.0,0.0,0.0,0.0
2785,3,0.0,0.0,1.0,0.0,0.0,0.0,0.0,0.0
2788,6,0.0,0.0,0.0,0.0,0.0,1.0,0.0,0.0
2792,7,0.0,0.0,0.0,0.0,0.0,0.0,1.0,0.0
2794,6,0.0,0.0,0.0,0.0,0.0,1.0,0.0,0.0
2795,3,0.0,0.0,1.0,0.0,0.0,0.0,0.0,0.0
2800,7,0.0,0.0,0.0,0.0,0.0,0.0,1.0,0.0
2801,3,0.0,0.0,1.0,0.0,0.0,0.0,0.0,0.0
2802,3,0.0,0.0,1.0,0.0,0.0,0.0,0.0,0.0
2803,6,0.0,0.0,0.0,0.0,0.0,1.0,0.0,0.0
2805,3,0.0,0.0,1.0,0.0,0.0,0.0,0.0,0.0
2807,3,0.0,0.0,1.0,0.0,0.0,0.0,0.0,0.0
2808,3,0.0,0.0,1.0,0.0,0.0,0.0,0.0,0.0
2810,3,0.0,0.0,1.0,0.0,0.0,0.0,0.0,0.0
2811,3,0.0,0.0,1.0,0.0,0.0,0.0,0.0,0.0
2813,7,0.0,0.0,0.0,0.0,0.0,0.0,1.0,0.0
2814,7,0.0,0.0,0.0,0.0,0.0,0.0,1.0,0.0
2816,3,0.0,0.0,1.0,0.0,0.0,0.0,0.0,0.0
2817,3,0.0,0.0,1.0,0.0,0.0,0.0,0.0,0.0
2818,3,0.0,0.0,1.0,0.0,0.0,0.0,0.0,0.0
2820,3,0.0,0.0,1.0,0.0,0.0,0.0,0.0,0.0
2821,7,0.0,0.0,0.0,0.0,0.0,0.0,1.0,0.0
2824,6,0.0,0.0,0.0,0.0,0.0,1.0,0.0,0.0
2825,3,0.0,0.0,1.0,0.0,0.0,0.0,0.0,0.0
2826,3,0.0,0.0,1.0,0.0,0.0,0.0,0.0,0.0
2827,7,0.0,0.0,0.0,0.0,0.0,0.0,1.0,0.0
2828,3,0.0,0.0,1.0,0.0,0.0,0.0,0.0,0.0
2829,3,0.0,0.0,1.0,0.0,0.0,0.0,0.0,0.0
2831,2,0.0,1.0,0.0,0.0,0.0,0.0,0.0,0.0
2832,6,0.0,0.0,0.0,0.0,0.0,1.0,0.0,0.0
2833,3,0.0,0.0,1.0,0.0,0.0,0.0,0.0,0.0
2835,3,0.0,0.0,1.0,0.0,0.0,0.0,0.0,0.0
2837,3,0.0,0.0,1.0,0.0,0.0,0.0,0.0,0.0
2839,3,0.0,0.0,1.0,0.0,0.0,0.0,0.0,0.0
2844,3,0.0,0.0,1.0,0.0,0.0,0.0,0.0,0.0
2849,3,0.0,0.0,1.0,0.0,0.0,0.0,0.0,0.0
2850,6,0.0,0.0,0.0,0.0,0.0,1.0,0.0,0.0
2852,7,0.0,0.0,0.0,0.0,0.0,0.0,1.0,0.0
2854,3,0.0,0.0,1.0,0.0,0.0,0.0,0.0,0.0
2855,6,0.0,0.0,0.0,0.0,0.0,1.0,0.0,0.0
2859,2,0.0,1.0,0.0,0.0,0.0,0.0,0.0,0.0
2860,6,0.0,0.0,0.0,0.0,0.0,1.0,0.0,0.0
2862,3,0.0,0.0,1.0,0.0,0.0,0.0,0.0,0.0
2864,6,0.0,0.0,0.0,0.0,0.0,1.0,0.0,0.0
2865,3,0.0,0.0,1.0,0.0,0.0,0.0,0.0,0.0
2867,3,0.0,0.0,1.0,0.0,0.0,0.0,0.0,0.0
2869,6,0.0,0.0,0.0,0.0,0.0,1.0,0.0,0.0
2870,3,0.0,0.0,1.0,0.0,0.0,0.0,0.0,0.0
2871,3,0.0,0.0,1.0,0.0,0.0,0.0,0.0,0.0
2873,2,0.0,1.0,0.0,0.0,0.0,0.0,0.0,0.0
2874,3,0.0,0.0,1.0,0.0,0.0,0.0,0.0,0.0
2876,3,0.0,0.0,1.0,0.0,0.0,0.0,0.0,0.0
2877,3,0.0,0.0,1.0,0.0,0.0,0.0,0.0,0.0
2881,3,0.0,0.0,1.0,0.0,0.0,0.0,0.0,0.0
2883,6,0.0,0.0,0.0,0.0,0.0,1.0,0.0,0.0
2884,6,0.0,0.0,0.0,0.0,0.0,1.0,0.0,0.0
2887,3,0.0,0.0,1.0,0.0,0.0,0.0,0.0,0.0
2891,6,0.0,0.0,0.0,0.0,0.0,1.0,0.0,0.0
2896,3,0.0,0.0,1.0,0.0,0.0,0.0,0.0,0.0
2897,7,0.0,0.0,0.0,0.0,0.0,0.0,1.0,0.0
2899,7,0.0,0.0,0.0,0.0,0.0,0.0,1.0,0.0
2903,3,0.0,0.0,1.0,0.0,0.0,0.0,0.0,0.0
2906,3,0.0,0.0,1.0,0.0,0.0,0.0,0.0,0.0
2908,3,0.0,0.0,1.0,0.0,0.0,0.0,0.0,0.0
2909,3,0.0,0.0,1.0,0.0,0.0,0.0,0.0,0.0
2912,6,0.0,0.0,0.0,0.0,0.0,1.0,0.0,0.0
2913,6,0.0,0.0,0.0,0.0,0.0,1.0,0.0,0.0
2917,6,0.0,0.0,0.0,0.0,0.0,1.0,0.0,0.0
2918,7,0.0,0.0,0.0,0.0,0.0,0.0,1.0,0.0
2919,3,0.0,0.0,1.0,0.0,0.0,0.0,0.0,0.0
2921,3,0.0,0.0,1.0,0.0,0.0,0.0,0.0,0.0
2922,2,0.0,1.0,0.0,0.0,0.0,0.0,0.0,0.0
2924,6,0.0,0.0,0.0,0.0,0.0,1.0,0.0,0.0
2925,3,0.0,0.0,1.0,0.0,0.0,0.0,0.0,0.0
2930,7,0.0,0.0,0.0,0.0,0.0,0.0,1.0,0.0
2931,3,0.0,0.0,1.0,0.0,0.0,0.0,0.0,0.0
2932,3,0.0,0.0,1.0,0.0,0.0,0.0,0.0,0.0
2934,3,0.0,0.0,1.0,0.0,0.0,0.0,0.0,0.0
2935,6,0.0,0.0,0.0,0.0,0.0,1.0,0.0,0.0
2938,6,0.0,0.0,0.0,0.0,0.0,1.0,0.0,0.0
2940,3,0.0,0.0,1.0,0.0,0.0,0.0,0.0,0.0
2941,2,0.0,1.0,0.0,0.0,0.0,0.0,0.0,0.0
2952,3,0.0,0.0,1.0,0.0,0.0,0.0,0.0,0.0
2953,3,0.0,0.0,1.0,0.0,0.0,0.0,0.0,0.0
2954,3,0.0,0.0,1.0,0.0,0.0,0.0,0.0,0.0
2959,3,0.0,0.0,1.0,0.0,0.0,0.0,0.0,0.0
2962,3,0.0,0.0,1.0,0.0,0.0,0.0,0.0,0.0
2963,3,0.0,0.0,1.0,0.0,0.0,0.0,0.0,0.0
2964,3,0.0,0.0,1.0,0.0,0.0,0.0,0.0,0.0
2965,3,0.0,0.0,1.0,0.0,0.0,0.0,0.0,0.0
2967,3,0.0,0.0,1.0,0.0,0.0,0.0,0.0,0.0
2968,3,0.0,0.0,1.0,0.0,0.0,0.0,0.0,0.0
2969,7,0.0,0.0,0.0,0.0,0.0,0.0,1.0,0.0
2970,3,0.0,0.0,1.0,0.0,0.0,0.0,0.0,0.0
2971,3,0.0,0.0,1.0,0.0,0.0,0.0,0.0,0.0
2973,3,0.0,0.0,1.0,0.0,0.0,0.0,0.0,0.0
2974,3,0.0,0.0,1.0,0.0,0.0,0.0,0.0,0.0
2975,6,0.0,0.0,0.0,0.0,0.0,1.0,0.0,0.0
2977,3,0.0,0.0,1.0,0.0,0.0,0.0,0.0,0.0
2978,3,0.0,0.0,1.0,0.0,0.0,0.0,0.0,0.0
2980,2,0.0,1.0,0.0,0.0,0.0,0.0,0.0,0.0
2981,3,0.0,0.0,1.0,0.0,0.0,0.0,0.0,0.0
2983,3,0.0,0.0,1.0,0.0,0.0,0.0,0.0,0.0
2984,2,0.0,1.0,0.0,0.0,0.0,0.0,0.0,0.0
2986,2,0.0,1.0,0.0,0.0,0.0,0.0,0.0,0.0
2990,6,0.0,0.0,0.0,0.0,0.0,1.0,0.0,0.0
2996,3,0.0,0.0,1.0,0.0,0.0,0.0,0.0,0.0
2997,7,0.0,0.0,0.0,0.0,0.0,0.0,1.0,0.0
3000,3,0.0,0.0,1.0,0.0,0.0,0.0,0.0,0.0
3002,3,0.0,0.0,1.0,0.0,0.0,0.0,0.0,0.0
3004,3,0.0,0.0,1.0,0.0,0.0,0.0,0.0,0.0
3005,6,0.0,0.0,0.0,0.0,0.0,1.0,0.0,0.0
3006,7,0.0,0.0,0.0,0.0,0.0,0.0,1.0,0.0
3012,3,0.0,0.0,1.0,0.0,0.0,0.0,0.0,0.0
3015,3,0.0,0.0,1.0,0.0,0.0,0.0,0.0,0.0
3016,3,0.0,0.0,1.0,0.0,0.0,0.0,0.0,0.0
3017,6,0.0,0.0,0.0,0.0,0.0,1.0,0.0,0.0
3022,2,0.0,1.0,0.0,0.0,0.0,0.0,0.0,0.0
3023,3,0.0,0.0,1.0,0.0,0.0,0.0,0.0,0.0
3029,6,0.0,0.0,0.0,0.0,0.0,1.0,0.0,0.0
3032,7,0.0,0.0,0.0,0.0,0.0,0.0,1.0,0.0
3035,3,0.0,0.0,1.0,0.0,0.0,0.0,0.0,0.0
3036,7,0.0,0.0,0.0,0.0,0.0,0.0,1.0,0.0
3042,2,0.0,1.0,0.0,0.0,0.0,0.0,0.0,0.0
3043,6,0.0,0.0,0.0,0.0,0.0,1.0,0.0,0.0
3045,3,0.0,0.0,1.0,0.0,0.0,0.0,0.0,0.0
3048,3,0.0,0.0,1.0,0.0,0.0,0.0,0.0,0.0
3054,3,0.0,0.0,1.0,0.0,0.0,0.0,0.0,0.0
3055,7,0.0,0.0,0.0,0.0,0.0,0.0,1.0,0.0
3057,3,0.0,0.0,1.0,0.0,0.0,0.0,0.0,0.0
3059,6,0.0,0.0,0.0,0.0,0.0,1.0,0.0,0.0
3060,7,0.0,0.0,0.0,0.0,0.0,0.0,1.0,0.0
3062,2,0.0,1.0,0.0,0.0,0.0,0.0,0.0,0.0
3063,3,0.0,0.0,1.0,0.0,0.0,0.0,0.0,0.0
3064,7,0.0,0.0,0.0,0.0,0.0,0.0,1.0,0.0
3065,3,0.0,0.0,1.0,0.0,0.0,0.0,0.0,0.0
3066,3,0.0,0.0,1.0,0.0,0.0,0.0,0.0,0.0
3067,3,0.0,0.0,1.0,0.0,0.0,0.0,0.0,0.0
3069,7,0.0,0.0,0.0,0.0,0.0,0.0,1.0,0.0
3072,3,0.0,0.0,1.0,0.0,0.0,0.0,0.0,0.0
3073,3,0.0,0.0,1.0,0.0,0.0,0.0,0.0,0.0
3076,6,0.0,0.0,0.0,0.0,0.0,1.0,0.0,0.0
3077,3,0.0,0.0,1.0,0.0,0.0,0.0,0.0,0.0
3081,3,0.0,0.0,1.0,0.0,0.0,0.0,0.0,0.0
3082,6,0.0,0.0,0.0,0.0,0.0,1.0,0.0,0.0
3084,3,0.0,0.0,1.0,0.0,0.0,0.0,0.0,0.0
3085,3,0.0,0.0,1.0,0.0,0.0,0.0,0.0,0.0
3090,3,0.0,0.0,1.0,0.0,0.0,0.0,0.0,0.0
3092,3,0.0,0.0,1.0,0.0,0.0,0.0,0.0,0.0
3096,3,0.0,0.0,1.0,0.0,0.0,0.0,0.0,0.0
3099,3,0.0,0.0,1.0,0.0,0.0,0.0,0.0,0.0
3101,3,0.0,0.0,1.0,0.0,0.0,0.0,0.0,0.0
3102,6,0.0,0.0,0.0,0.0,0.0,1.0,0.0,0.0
3103,3,0.0,0.0,1.0,0.0,0.0,0.0,0.0,0.0
3109,3,0.0,0.0,1.0,0.0,0.0,0.0,0.0,0.0
3112,3,0.0,0.0,1.0,0.0,0.0,0.0,0.0,0.0
3113,3,0.0,0.0,1.0,0.0,0.0,0.0,0.0,0.0
3117,6,0.0,0.0,0.0,0.0,0.0,1.0,0.0,0.0
3118,7,0.0,0.0,0.0,0.0,0.0,0.0,1.0,0.0
3119,6,0.0,0.0,0.0,0.0,0.0,1.0,0.0,0.0
3120,7,0.0,0.0,0.0,0.0,0.0,0.0,1.0,0.0
3123,6,0.0,0.0,0.0,0.0,0.0,1.0,0.0,0.0
3129,3,0.0,0.0,1.0,0.0,0.0,0.0,0.0,0.0
3132,3,0.0,0.0,1.0,0.0,0.0,0.0,0.0,0.0
3133,3,0.0,0.0,1.0,0.0,0.0,0.0,0.0,0.0
3139,7,0.0,0.0,0.0,0.0,0.0,0.0,1.0,0.0
3142,2,0.0,1.0,0.0,0.0,0.0,0.0,0.0,0.0
3143,6,0.0,0.0,0.0,0.0,0.0,1.0,0.0,0.0
3144,7,0.0,0.0,0.0,0.0,0.0,0.0,1.0,0.0
3145,3,0.0,0.0,1.0,0.0,0.0,0.0,0.0,0.0
3148,3,0.0,0.0,1.0,0.0,0.0,0.0,0.0,0.0
3151,6,0.0,0.0,0.0,0.0,0.0,1.0,0.0,0.0
3153,6,0.0,0.0,0.0,0.0,0.0,1.0,0.0,0.0
3165,3,0.0,0.0,1.0,0.0,0.0,0.0,0.0,0.0
3167,3,0.0,0.0,1.0,0.0,0.0,0.0,0.0,0.0
3169,7,0.0,0.0,0.0,0.0,0.0,0.0,1.0,0.0
3170,7,0.0,0.0,0.0,0.0,0.0,0.0,1.0,0.0
3171,2,0.0,1.0,0.0,0.0,0.0,0.0,0.0,0.0
3175,3,0.0,0.0,1.0,0.0,0.0,0.0,0.0,0.0
3176,3,0.0,0.0,1.0,0.0,0.0,0.0,0.0,0.0
3177,3,0.0,0.0,1.0,0.0,0.0,0.0,0.0,0.0
3179,3,0.0,0.0,1.0,0.0,0.0,0.0,0.0,0.0
3181,3,0.0,0.0,1.0,0.0,0.0,0.0,0.0,0.0
3182,3,0.0,0.0,1.0,0.0,0.0,0.0,0.0,0.0
3186,3,0.0,0.0,1.0,0.0,0.0,0.0,0.0,0.0
3188,7,0.0,0.0,0.0,0.0,0.0,0.0,1.0,0.0
3190,3,0.0,0.0,1.0,0.0,0.0,0.0,0.0,0.0
3192,7,0.0,0.0,0.0,0.0,0.0,0.0,1.0,0.0
3193,3,0.0,0.0,1.0,0.0,0.0,0.0,0.0,0.0
3198,7,0.0,0.0,0.0,0.0,0.0,0.0,1.0,0.0
3202,3,0.0,0.0,1.0,0.0,0.0,0.0,0.0,0.0
3203,2,0.0,1.0,0.0,0.0,0.0,0.0,0.0,0.0
3208,7,0.0,0.0,0.0,0.0,0.0,0.0,1.0,0.0
3210,6,0.0,0.0,0.0,0.0,0.0,1.0,0.0,0.0
3211,6,0.0,0.0,0.0,0.0,0.0,1.0,0.0,0.0
3212,3,0.0,0.0,1.0,0.0,0.0,0.0,0.0,0.0
3213,6,0.0,0.0,0.0,0.0,0.0,1.0,0.0,0.0
3219,7,0.0,0.0,0.0,0.0,0.0,0.0,1.0,0.0
3220,3,0.0,0.0,1.0,0.0,0.0,0.0,0.0,0.0
3222,3,0.0,0.0,1.0,0.0,0.0,0.0,0.0,0.0
3225,7,0.0,0.0,0.0,0.0,0.0,0.0,1.0,0.0
3227,3,0.0,0.0,1.0,0.0,0.0,0.0,0.0,0.0
3230,2,0.0,1.0,0.0,0.0,0.0,0.0,0.0,0.0
3232,3,0.0,0.0,1.0,0.0,0.0,0.0,0.0,0.0
3236,6,0.0,0.0,0.0,0.0,0.0,1.0,0.0,0.0
3238,6,0.0,0.0,0.0,0.0,0.0,1.0,0.0,0.0
3241,6,0.0,0.0,0.0,0.0,0.0,1.0,0.0,0.0
3242,6,0.0,0.0,0.0,0.0,0.0,1.0,0.0,0.0
3245,3,0.0,0.0,1.0,0.0,0.0,0.0,0.0,0.0
3247,3,0.0,0.0,1.0,0.0,0.0,0.0,0.0,0.0
3248,3,0.0,0.0,1.0,0.0,0.0,0.0,0.0,0.0
3249,7,0.0,0.0,0.0,0.0,0.0,0.0,1.0,0.0
3257,3,0.0,0.0,1.0,0.0,0.0,0.0,0.0,0.0
3259,3,0.0,0.0,1.0,0.0,0.0,0.0,0.0,0.0
3261,3,0.0,0.0,1.0,0.0,0.0,0.0,0.0,0.0
3267,3,0.0,0.0,1.0,0.0,0.0,0.0,0.0,0.0
3269,3,0.0,0.0,1.0,0.0,0.0,0.0,0.0,0.0
3274,7,0.0,0.0,0.0,0.0,0.0,0.0,1.0,0.0
3277,3,0.0,0.0,1.0,0.0,0.0,0.0,0.0,0.0
3278,7,0.0,0.0,0.0,0.0,0.0,0.0,1.0,0.0
3279,6,0.0,0.0,0.0,0.0,0.0,1.0,0.0,0.0
3282,3,0.0,0.0,1.0,0.0,0.0,0.0,0.0,0.0
3283,3,0.0,0.0,1.0,0.0,0.0,0.0,0.0,0.0
3288,7,0.0,0.0,0.0,0.0,0.0,0.0,1.0,0.0
3289,3,0.0,0.0,1.0,0.0,0.0,0.0,0.0,0.0
3290,3,0.0,0.0,1.0,0.0,0.0,0.0,0.0,0.0
3291,3,0.0,0.0,1.0,0.0,0.0,0.0,0.0,0.0
3294,6,0.0,0.0,0.0,0.0,0.0,1.0,0.0,0.0
3297,3,0.0,0.0,1.0,0.0,0.0,0.0,0.0,0.0
3301,3,0.0,0.0,1.0,0.0,0.0,0.0,0.0,0.0
3302,7,0.0,0.0,0.0,0.0,0.0,0.0,1.0,0.0
3305,3,0.0,0.0,1.0,0.0,0.0,0.0,0.0,0.0
3306,3,0.0,0.0,1.0,0.0,0.0,0.0,0.0,0.0
3308,3,0.0,0.0,1.0,0.0,0.0,0.0,0.0,0.0
3318,3,0.0,0.0,1.0,0.0,0.0,0.0,0.0,0.0
3321,6,0.0,0.0,0.0,0.0,0.0,1.0,0.0,0.0
3323,7,0.0,0.0,0.0,0.0,0.0,0.0,1.0,0.0
3326,3,0.0,0.0,1.0,0.0,0.0,0.0,0.0,0.0
3328,3,0.0,0.0,1.0,0.0,0.0,0.0,0.0,0.0
3338,3,0.0,0.0,1.0,0.0,0.0,0.0,0.0,0.0
3339,3,0.0,0.0,1.0,0.0,0.0,0.0,0.0,0.0
3340,7,0.0,0.0,0.0,0.0,0.0,0.0,1.0,0.0
3344,3,0.0,0.0,1.0,0.0,0.0,0.0,0.0,0.0
3348,2,0.0,1.0,0.0,0.0,0.0,0.0,0.0,0.0
3350,3,0.0,0.0,1.0,0.0,0.0,0.0,0.0,0.0
3351,3,0.0,0.0,1.0,0.0,0.0,0.0,0.0,0.0
3352,3,0.0,0.0,1.0,0.0,0.0,0.0,0.0,0.0
3353,3,0.0,0.0,1.0,0.0,0.0,0.0,0.0,0.0
3354,3,0.0,0.0,1.0,0.0,0.0,0.0,0.0,0.0
3355,3,0.0,0.0,1.0,0.0,0.0,0.0,0.0,0.0
3357,2,0.0,1.0,0.0,0.0,0.0,0.0,0.0,0.0
3358,3,0.0,0.0,1.0,0.0,0.0,0.0,0.0,0.0
3360,3,0.0,0.0,1.0,0.0,0.0,0.0,0.0,0.0
3361,7,0.0,0.0,0.0,0.0,0.0,0.0,1.0,0.0
3362,6,0.0,0.0,0.0,0.0,0.0,1.0,0.0,0.0
3369,6,0.0,0.0,0.0,0.0,0.0,1.0,0.0,0.0
3370,3,0.0,0.0,1.0,0.0,0.0,0.0,0.0,0.0
3371,3,0.0,0.0,1.0,0.0,0.0,0.0,0.0,0.0
3375,7,0.0,0.0,0.0,0.0,0.0,0.0,1.0,0.0
3376,3,0.0,0.0,1.0,0.0,0.0,0.0,0.0,0.0
3377,3,0.0,0.0,1.0,0.0,0.0,0.0,0.0,0.0
3380,6,0.0,0.0,0.0,0.0,0.0,1.0,0.0,0.0
3382,3,0.0,0.0,1.0,0.0,0.0,0.0,0.0,0.0
3384,3,0.0,0.0,1.0,0.0,0.0,0.0,0.0,0.0
3385,7,0.0,0.0,0.0,0.0,0.0,0.0,1.0,0.0
3386,3,0.0,0.0,1.0,0.0,0.0,0.0,0.0,0.0
3389,7,0.0,0.0,0.0,0.0,0.0,0.0,1.0,0.0
3391,6,0.0,0.0,0.0,0.0,0.0,1.0,0.0,0.0
3392,6,0.0,0.0,0.0,0.0,0.0,1.0,0.0,0.0
3396,3,0.0,0.0,1.0,0.0,0.0,0.0,0.0,0.0
3400,3,0.0,0.0,1.0,0.0,0.0,0.0,0.0,0.0
3402,3,0.0,0.0,1.0,0.0,0.0,0.0,0.0,0.0
3403,3,0.0,0.0,1.0,0.0,0.0,0.0,0.0,0.0
3405,3,0.0,0.0,1.0,0.0,0.0,0.0,0.0,0.0
3407,3,0.0,0.0,1.0,0.0,0.0,0.0,0.0,0.0
3408,3,0.0,0.0,1.0,0.0,0.0,0.0,0.0,0.0
3409,6,0.0,0.0,0.0,0.0,0.0,1.0,0.0,0.0
3416,3,0.0,0.0,1.0,0.0,0.0,0.0,0.0,0.0
3417,3,0.0,0.0,1.0,0.0,0.0,0.0,0.0,0.0
3419,6,0.0,0.0,0.0,0.0,0.0,1.0,0.0,0.0
3420,6,0.0,0.0,0.0,0.0,0.0,1.0,0.0,0.0
3421,7,0.0,0.0,0.0,0.0,0.0,0.0,1.0,0.0
3422,3,0.0,0.0,1.0,0.0,0.0,0.0,0.0,0.0
3424,3,0.0,0.0,1.0,0.0,0.0,0.0,0.0,0.0
3426,3,0.0,0.0,1.0,0.0,0.0,0.0,0.0,0.0
3427,7,0.0,0.0,0.0,0.0,0.0,0.0,1.0,0.0
3429,3,0.0,0.0,1.0,0.0,0.0,0.0,0.0,0.0
3430,2,0.0,1.0,0.0,0.0,0.0,0.0,0.0,0.0
3431,7,0.0,0.0,0.0,0.0,0.0,0.0,1.0,0.0
3434,6,0.0,0.0,0.0,0.0,0.0,1.0,0.0,0.0
3435,3,0.0,0.0,1.0,0.0,0.0,0.0,0.0,0.0
3436,6,0.0,0.0,0.0,0.0,0.0,1.0,0.0,0.0
3437,3,0.0,0.0,1.0,0.0,0.0,0.0,0.0,0.0
3438,3,0.0,0.0,1.0,0.0,0.0,0.0,0.0,0.0
3440,7,0.0,0.0,0.0,0.0,0.0,0.0,1.0,0.0
3441,3,0.0,0.0,1.0,0.0,0.0,0.0,0.0,0.0
3443,7,0.0,0.0,0.0,0.0,0.0,0.0,1.0,0.0
3444,3,0.0,0.0,1.0,0.0,0.0,0.0,0.0,0.0
3447,3,0.0,0.0,1.0,0.0,0.0,0.0,0.0,0.0
3449,3,0.0,0.0,1.0,0.0,0.0,0.0,0.0,0.0
3452,6,0.0,0.0,0.0,0.0,0.0,1.0,0.0,0.0
3453,6,0.0,0.0,0.0,0.0,0.0,1.0,0.0,0.0
3456,3,0.0,0.0,1.0,0.0,0.0,0.0,0.0,0.0
3457,3,0.0,0.0,1.0,0.0,0.0,0.0,0.0,0.0
3466,7,0.0,0.0,0.0,0.0,0.0,0.0,1.0,0.0
3467,3,0.0,0.0,1.0,0.0,0.0,0.0,0.0,0.0
3469,3,0.0,0.0,1.0,0.0,0.0,0.0,0.0,0.0
3471,3,0.0,0.0,1.0,0.0,0.0,0.0,0.0,0.0
3473,2,0.0,1.0,0.0,0.0,0.0,0.0,0.0,0.0
3474,3,0.0,0.0,1.0,0.0,0.0,0.0,0.0,0.0
3478,2,0.0,1.0,0.0,0.0,0.0,0.0,0.0,0.0
3480,3,0.0,0.0,1.0,0.0,0.0,0.0,0.0,0.0
3483,3,0.0,0.0,1.0,0.0,0.0,0.0,0.0,0.0
3484,3,0.0,0.0,1.0,0.0,0.0,0.0,0.0,0.0
3485,7,0.0,0.0,0.0,0.0,0.0,0.0,1.0,0.0
3486,3,0.0,0.0,1.0,0.0,0.0,0.0,0.0,0.0
3487,6,0.0,0.0,0.0,0.0,0.0,1.0,0.0,0.0
3490,3,0.0,0.0,1.0,0.0,0.0,0.0,0.0,0.0
3494,3,0.0,0.0,1.0,0.0,0.0,0.0,0.0,0.0
3499,3,0.0,0.0,1.0,0.0,0.0,0.0,0.0,0.0
3502,3,0.0,0.0,1.0,0.0,0.0,0.0,0.0,0.0
3503,3,0.0,0.0,1.0,0.0,0.0,0.0,0.0,0.0
3506,2,0.0,1.0,0.0,0.0,0.0,0.0,0.0,0.0
3509,7,0.0,0.0,0.0,0.0,0.0,0.0,1.0,0.0
3512,2,0.0,1.0,0.0,0.0,0.0,0.0,0.0,0.0
3514,3,0.0,0.0,1.0,0.0,0.0,0.0,0.0,0.0
3517,7,0.0,0.0,0.0,0.0,0.0,0.0,1.0,0.0
3520,6,0.0,0.0,0.0,0.0,0.0,1.0,0.0,0.0
3523,6,0.0,0.0,0.0,0.0,0.0,1.0,0.0,0.0
3524,7,0.0,0.0,0.0,0.0,0.0,0.0,1.0,0.0
3525,6,0.0,0.0,0.0,0.0,0.0,1.0,0.0,0.0
3529,6,0.0,0.0,0.0,0.0,0.0,1.0,0.0,0.0
3533,3,0.0,0.0,1.0,0.0,0.0,0.0,0.0,0.0
3535,7,0.0,0.0,0.0,0.0,0.0,0.0,1.0,0.0
3540,3,0.0,0.0,1.0,0.0,0.0,0.0,0.0,0.0
3541,6,0.0,0.0,0.0,0.0,0.0,1.0,0.0,0.0
3545,3,0.0,0.0,1.0,0.0,0.0,0.0,0.0,0.0
3547,3,0.0,0.0,1.0,0.0,0.0,0.0,0.0,0.0
3549,3,0.0,0.0,1.0,0.0,0.0,0.0,0.0,0.0
3551,3,0.0,0.0,1.0,0.0,0.0,0.0,0.0,0.0
3554,3,0.0,0.0,1.0,0.0,0.0,0.0,0.0,0.0
3555,3,0.0,0.0,1.0,0.0,0.0,0.0,0.0,0.0
3556,3,0.0,0.0,1.0,0.0,0.0,0.0,0.0,0.0
3557,7,0.0,0.0,0.0,0.0,0.0,0.0,1.0,0.0
3558,3,0.0,0.0,1.0,0.0,0.0,0.0,0.0,0.0
3559,3,0.0,0.0,1.0,0.0,0.0,0.0,0.0,0.0
3563,3,0.0,0.0,1.0,0.0,0.0,0.0,0.0,0.0
3567,7,0.0,0.0,0.0,0.0,0.0,0.0,1.0,0.0
3568,3,0.0,0.0,1.0,0.0,0.0,0.0,0.0,0.0
3570,7,0.0,0.0,0.0,0.0,0.0,0.0,1.0,0.0
3571,6,0.0,0.0,0.0,0.0,0.0,1.0,0.0,0.0
3576,7,0.0,0.0,0.0,0.0,0.0,0.0,1.0,0.0
3578,7,0.0,0.0,0.0,0.0,0.0,0.0,1.0,0.0
3580,7,0.0,0.0,0.0,0.0,0.0,0.0,1.0,0.0
3582,6,0.0,0.0,0.0,0.0,0.0,1.0,0.0,0.0
3584,3,0.0,0.0,1.0,0.0,0.0,0.0,0.0,0.0
3586,7,0.0,0.0,0.0,0.0,0.0,0.0,1.0,0.0
3588,7,0.0,0.0,0.0,0.0,0.0,0.0,1.0,0.0
3589,7,0.0,0.0,0.0,0.0,0.0,0.0,1.0,0.0
3590,3,0.0,0.0,1.0,0.0,0.0,0.0,0.0,0.0
3591,3,0.0,0.0,1.0,0.0,0.0,0.0,0.0,0.0
3593,3,0.0,0.0,1.0,0.0,0.0,0.0,0.0,0.0
3596,3,0.0,0.0,1.0,0.0,0.0,0.0,0.0,0.0
3598,3,0.0,0.0,1.0,0.0,0.0,0.0,0.0,0.0
3601,7,0.0,0.0,0.0,0.0,0.0,0.0,1.0,0.0
3602,3,0.0,0.0,1.0,0.0,0.0,0.0,0.0,0.0
3606,7,0.0,0.0,0.0,0.0,0.0,0.0,1.0,0.0
3610,3,0.0,0.0,1.0,0.0,0.0,0.0,0.0,0.0
3614,7,0.0,0.0,0.0,0.0,0.0,0.0,1.0,0.0
3615,6,0.0,0.0,0.0,0.0,0.0,1.0,0.0,0.0
3617,3,0.0,0.0,1.0,0.0,0.0,0.0,0.0,0.0
3618,3,0.0,0.0,1.0,0.0,0.0,0.0,0.0,0.0
3620,3,0.0,0.0,1.0,0.0,0.0,0.0,0.0,0.0
3621,7,0.0,0.0,0.0,0.0,0.0,0.0,1.0,0.0
3622,6,0.0,0.0,0.0,0.0,0.0,1.0,0.0,0.0
3623,3,0.0,0.0,1.0,0.0,0.0,0.0,0.0,0.0
3625,2,0.0,1.0,0.0,0.0,0.0,0.0,0.0,0.0
3627,7,0.0,0.0,0.0,0.0,0.0,0.0,1.0,0.0
3628,3,0.0,0.0,1.0,0.0,0.0,0.0,0.0,0.0
3629,3,0.0,0.0,1.0,0.0,0.0,0.0,0.0,0.0
3630,3,0.0,0.0,1.0,0.0,0.0,0.0,0.0,0.0
3632,6,0.0,0.0,0.0,0.0,0.0,1.0,0.0,0.0
3633,3,0.0,0.0,1.0,0.0,0.0,0.0,0.0,0.0
3634,7,0.0,0.0,0.0,0.0,0.0,0.0,1.0,0.0
3635,3,0.0,0.0,1.0,0.0,0.0,0.0,0.0,0.0
3636,3,0.0,0.0,1.0,0.0,0.0,0.0,0.0,0.0
3640,6,0.0,0.0,0.0,0.0,0.0,1.0,0.0,0.0
3644,3,0.0,0.0,1.0,0.0,0.0,0.0,0.0,0.0
3647,3,0.0,0.0,1.0,0.0,0.0,0.0,0.0,0.0
3648,3,0.0,0.0,1.0,0.0,0.0,0.0,0.0,0.0
3649,6,0.0,0.0,0.0,0.0,0.0,1.0,0.0,0.0
3654,7,0.0,0.0,0.0,0.0,0.0,0.0,1.0,0.0
3656,3,0.0,0.0,1.0,0.0,0.0,0.0,0.0,0.0
3657,2,0.0,1.0,0.0,0.0,0.0,0.0,0.0,0.0
3659,3,0.0,0.0,1.0,0.0,0.0,0.0,0.0,0.0
3661,2,0.0,1.0,0.0,0.0,0.0,0.0,0.0,0.0
3663,3,0.0,0.0,1.0,0.0,0.0,0.0,0.0,0.0
3666,7,0.0,0.0,0.0,0.0,0.0,0.0,1.0,0.0
3668,3,0.0,0.0,1.0,0.0,0.0,0.0,0.0,0.0
3670,2,0.0,1.0,0.0,0.0,0.0,0.0,0.0,0.0
3671,3,0.0,0.0,1.0,0.0,0.0,0.0,0.0,0.0
3673,3,0.0,0.0,1.0,0.0,0.0,0.0,0.0,0.0
3675,2,0.0,1.0,0.0,0.0,0.0,0.0,0.0,0.0
3676,6,0.0,0.0,0.0,0.0,0.0,1.0,0.0,0.0
3679,6,0.0,0.0,0.0,0.0,0.0,1.0,0.0,0.0
3682,3,0.0,0.0,1.0,0.0,0.0,0.0,0.0,0.0
3683,3,0.0,0.0,1.0,0.0,0.0,0.0,0.0,0.0
3685,3,0.0,0.0,1.0,0.0,0.0,0.0,0.0,0.0
3687,6,0.0,0.0,0.0,0.0,0.0,1.0,0.0,0.0
3688,3,0.0,0.0,1.0,0.0,0.0,0.0,0.0,0.0
3693,7,0.0,0.0,0.0,0.0,0.0,0.0,1.0,0.0
3695,3,0.0,0.0,1.0,0.0,0.0,0.0,0.0,0.0
3697,3,0.0,0.0,1.0,0.0,0.0,0.0,0.0,0.0
3703,3,0.0,0.0,1.0,0.0,0.0,0.0,0.0,0.0
3708,3,0.0,0.0,1.0,0.0,0.0,0.0,0.0,0.0
3710,2,0.0,1.0,0.0,0.0,0.0,0.0,0.0,0.0
3711,3,0.0,0.0,1.0,0.0,0.0,0.0,0.0,0.0
3713,3,0.0,0.0,1.0,0.0,0.0,0.0,0.0,0.0
3717,3,0.0,0.0,1.0,0.0,0.0,0.0,0.0,0.0
3718,3,0.0,0.0,1.0,0.0,0.0,0.0,0.0,0.0
3719,3,0.0,0.0,1.0,0.0,0.0,0.0,0.0,0.0
3726,3,0.0,0.0,1.0,0.0,0.0,0.0,0.0,0.0
3728,3,0.0,0.0,1.0,0.0,0.0,0.0,0.0,0.0
3729,2,0.0,1.0,0.0,0.0,0.0,0.0,0.0,0.0
3733,3,0.0,0.0,1.0,0.0,0.0,0.0,0.0,0.0
3737,3,0.0,0.0,1.0,0.0,0.0,0.0,0.0,0.0
3739,3,0.0,0.0,1.0,0.0,0.0,0.0,0.0,0.0
3740,2,0.0,1.0,0.0,0.0,0.0,0.0,0.0,0.0
3741,3,0.0,0.0,1.0,0.0,0.0,0.0,0.0,0.0
3743,3,0.0,0.0,1.0,0.0,0.0,0.0,0.0,0.0
3745,6,0.0,0.0,0.0,0.0,0.0,1.0,0.0,0.0
3746,2,0.0,1.0,0.0,0.0,0.0,0.0,0.0,0.0
3750,7,0.0,0.0,0.0,0.0,0.0,0.0,1.0,0.0
3751,3,0.0,0.0,1.0,0.0,0.0,0.0,0.0,0.0
3753,7,0.0,0.0,0.0,0.0,0.0,0.0,1.0,0.0
3759,3,0.0,0.0,1.0,0.0,0.0,0.0,0.0,0.0
3764,3,0.0,0.0,1.0,0.0,0.0,0.0,0.0,0.0
3766,3,0.0,0.0,1.0,0.0,0.0,0.0,0.0,0.0
3767,7,0.0,0.0,0.0,0.0,0.0,0.0,1.0,0.0
3769,7,0.0,0.0,0.0,0.0,0.0,0.0,1.0,0.0
3773,6,0.0,0.0,0.0,0.0,0.0,1.0,0.0,0.0
3775,6,0.0,0.0,0.0,0.0,0.0,1.0,0.0,0.0
3782,7,0.0,0.0,0.0,0.0,0.0,0.0,1.0,0.0
3785,3,0.0,0.0,1.0,0.0,0.0,0.0,0.0,0.0
3790,3,0.0,0.0,1.0,0.0,0.0,0.0,0.0,0.0
3793,3,0.0,0.0,1.0,0.0,0.0,0.0,0.0,0.0
3796,3,0.0,0.0,1.0,0.0,0.0,0.0,0.0,0.0
3797,3,0.0,0.0,1.0,0.0,0.0,0.0,0.0,0.0
3799,6,0.0,0.0,0.0,0.0,0.0,1.0,0.0,0.0
3803,3,0.0,0.0,1.0,0.0,0.0,0.0,0.0,0.0
3804,3,0.0,0.0,1.0,0.0,0.0,0.0,0.0,0.0
3805,2,0.0,1.0,0.0,0.0,0.0,0.0,0.0,0.0
3807,3,0.0,0.0,1.0,0.0,0.0,0.0,0.0,0.0
3809,3,0.0,0.0,1.0,0.0,0.0,0.0,0.0,0.0
3812,7,0.0,0.0,0.0,0.0,0.0,0.0,1.0,0.0
3813,2,0.0,1.0,0.0,0.0,0.0,0.0,0.0,0.0
3814,6,0.0,0.0,0.0,0.0,0.0,1.0,0.0,0.0
3815,3,0.0,0.0,1.0,0.0,0.0,0.0,0.0,0.0
3816,3,0.0,0.0,1.0,0.0,0.0,0.0,0.0,0.0
3817,3,0.0,0.0,1.0,0.0,0.0,0.0,0.0,0.0
3818,3,0.0,0.0,1.0,0.0,0.0,0.0,0.0,0.0
3822,3,0.0,0.0,1.0,0.0,0.0,0.0,0.0,0.0
3824,3,0.0,0.0,1.0,0.0,0.0,0.0,0.0,0.0
3827,3,0.0,0.0,1.0,0.0,0.0,0.0,0.0,0.0
3828,7,0.0,0.0,0.0,0.0,0.0,0.0,1.0,0.0
3830,6,0.0,0.0,0.0,0.0,0.0,1.0,0.0,0.0
3833,3,0.0,0.0,1.0,0.0,0.0,0.0,0.0,0.0
3834,3,0.0,0.0,1.0,0.0,0.0,0.0,0.0,0.0
3837,3,0.0,0.0,1.0,0.0,0.0,0.0,0.0,0.0
3838,3,0.0,0.0,1.0,0.0,0.0,0.0,0.0,0.0
3839,2,0.0,1.0,0.0,0.0,0.0,0.0,0.0,0.0
3843,3,0.0,0.0,1.0,0.0,0.0,0.0,0.0,0.0
3845,7,0.0,0.0,0.0,0.0,0.0,0.0,1.0,0.0
3847,2,0.0,1.0,0.0,0.0,0.0,0.0,0.0,0.0
3848,7,0.0,0.0,0.0,0.0,0.0,0.0,1.0,0.0
3850,3,0.0,0.0,1.0,0.0,0.0,0.0,0.0,0.0
3851,6,0.0,0.0,0.0,0.0,0.0,1.0,0.0,0.0
3852,3,0.0,0.0,1.0,0.0,0.0,0.0,0.0,0.0
3855,3,0.0,0.0,1.0,0.0,0.0,0.0,0.0,0.0
3856,3,0.0,0.0,1.0,0.0,0.0,0.0,0.0,0.0
3857,3,0.0,0.0,1.0,0.0,0.0,0.0,0.0,0.0
3858,3,0.0,0.0,1.0,0.0,0.0,0.0,0.0,0.0
3860,3,0.0,0.0,1.0,0.0,0.0,0.0,0.0,0.0
3866,6,0.0,0.0,0.0,0.0,0.0,1.0,0.0,0.0
3869,3,0.0,0.0,1.0,0.0,0.0,0.0,0.0,0.0
3871,3,0.0,0.0,1.0,0.0,0.0,0.0,0.0,0.0
3873,3,0.0,0.0,1.0,0.0,0.0,0.0,0.0,0.0
3875,3,0.0,0.0,1.0,0.0,0.0,0.0,0.0,0.0
3876,3,0.0,0.0,1.0,0.0,0.0,0.0,0.0,0.0
3878,6,0.0,0.0,0.0,0.0,0.0,1.0,0.0,0.0
3880,7,0.0,0.0,0.0,0.0,0.0,0.0,1.0,0.0
3883,3,0.0,0.0,1.0,0.0,0.0,0.0,0.0,0.0
3885,3,0.0,0.0,1.0,0.0,0.0,0.0,0.0,0.0
3886,7,0.0,0.0,0.0,0.0,0.0,0.0,1.0,0.0
3888,7,0.0,0.0,0.0,0.0,0.0,0.0,1.0,0.0
3889,3,0.0,0.0,1.0,0.0,0.0,0.0,0.0,0.0
3890,6,0.0,0.0,0.0,0.0,0.0,1.0,0.0,0.0
3891,3,0.0,0.0,1.0,0.0,0.0,0.0,0.0,0.0
3892,7,0.0,0.0,0.0,0.0,0.0,0.0,1.0,0.0
3895,3,0.0,0.0,1.0,0.0,0.0,0.0,0.0,0.0
3898,3,0.0,0.0,1.0,0.0,0.0,0.0,0.0,0.0
3899,3,0.0,0.0,1.0,0.0,0.0,0.0,0.0,0.0
3901,3,0.0,0.0,1.0,0.0,0.0,0.0,0.0,0.0
3902,2,0.0,1.0,0.0,0.0,0.0,0.0,0.0,0.0
3903,3,0.0,0.0,1.0,0.0,0.0,0.0,0.0,0.0
3904,3,0.0,0.0,1.0,0.0,0.0,0.0,0.0,0.0
3905,3,0.0,0.0,1.0,0.0,0.0,0.0,0.0,0.0
3906,7,0.0,0.0,0.0,0.0,0.0,0.0,1.0,0.0
3907,3,0.0,0.0,1.0,0.0,0.0,0.0,0.0,0.0
3910,2,0.0,1.0,0.0,0.0,0.0,0.0,0.0,0.0
3912,7,0.0,0.0,0.0,0.0,0.0,0.0,1.0,0.0
3914,3,0.0,0.0,1.0,0.0,0.0,0.0,0.0,0.0
3915,3,0.0,0.0,1.0,0.0,0.0,0.0,0.0,0.0
3920,7,0.0,0.0,0.0,0.0,0.0,0.0,1.0,0.0
3925,6,0.0,0.0,0.0,0.0,0.0,1.0,0.0,0.0
3926,6,0.0,0.0,0.0,0.0,0.0,1.0,0.0,0.0
3927,6,0.0,0.0,0.0,0.0,0.0,1.0,0.0,0.0
3928,7,0.0,0.0,0.0,0.0,0.0,0.0,1.0,0.0
3929,2,0.0,1.0,0.0,0.0,0.0,0.0,0.0,0.0
3932,3,0.0,0.0,1.0,0.0,0.0,0.0,0.0,0.0
3934,3,0.0,0.0,1.0,0.0,0.0,0.0,0.0,0.0
3935,3,0.0,0.0,1.0,0.0,0.0,0.0,0.0,0.0
3936,2,0.0,1.0,0.0,0.0,0.0,0.0,0.0,0.0
3938,3,0.0,0.0,1.0,0.0,0.0,0.0,0.0,0.0
3940,7,0.0,0.0,0.0,0.0,0.0,0.0,1.0,0.0
3942,7,0.0,0.0,0.0,0.0,0.0,0.0,1.0,0.0
3946,3,0.0,0.0,1.0,0.0,0.0,0.0,0.0,0.0
3950,3,0.0,0.0,1.0,0.0,0.0,0.0,0.0,0.0
3956,6,0.0,0.0,0.0,0.0,0.0,1.0,0.0,0.0
3957,7,0.0,0.0,0.0,0.0,0.0,0.0,1.0,0.0
3958,3,0.0,0.0,1.0,0.0,0.0,0.0,0.0,0.0
3960,6,0.0,0.0,0.0,0.0,0.0,1.0,0.0,0.0
3961,2,0.0,1.0,0.0,0.0,0.0,0.0,0.0,0.0
3963,3,0.0,0.0,1.0,0.0,0.0,0.0,0.0,0.0
3967,3,0.0,0.0,1.0,0.0,0.0,0.0,0.0,0.0
3968,7,0.0,0.0,0.0,0.0,0.0,0.0,1.0,0.0
3972,3,0.0,0.0,1.0,0.0,0.0,0.0,0.0,0.0
3975,3,0.0,0.0,1.0,0.0,0.0,0.0,0.0,0.0
3978,3,0.0,0.0,1.0,0.0,0.0,0.0,0.0,0.0
3980,3,0.0,0.0,1.0,0.0,0.0,0.0,0.0,0.0
3981,3,0.0,0.0,1.0,0.0,0.0,0.0,0.0,0.0
3983,6,0.0,0.0,0.0,0.0,0.0,1.0,0.0,0.0
3984,3,0.0,0.0,1.0,0.0,0.0,0.0,0.0,0.0
3989,6,0.0,0.0,0.0,0.0,0.0,1.0,0.0,0.0
3992,6,0.0,0.0,0.0,0.0,0.0,1.0,0.0,0.0
3993,3,0.0,0.0,1.0,0.0,0.0,0.0,0.0,0.0
3994,3,0.0,0.0,1.0,0.0,0.0,0.0,0.0,0.0
3995,3,0.0,0.0,1.0,0.0,0.0,0.0,0.0,0.0
3998,7,0.0,0.0,0.0,0.0,0.0,0.0,1.0,0.0
4000,3,0.0,0.0,1.0,0.0,0.0,0.0,0.0,0.0
4004,7,0.0,0.0,0.0,0.0,0.0,0.0,1.0,0.0
4007,3,0.0,0.0,1.0,0.0,0.0,0.0,0.0,0.0
4013,3,0.0,0.0,1.0,0.0,0.0,0.0,0.0,0.0
4016,3,0.0,0.0,1.0,0.0,0.0,0.0,0.0,0.0
4022,3,0.0,0.0,1.0,0.0,0.0,0.0,0.0,0.0
4024,3,0.0,0.0,1.0,0.0,0.0,0.0,0.0,0.0
4026,3,0.0,0.0,1.0,0.0,0.0,0.0,0.0,0.0
4029,7,0.0,0.0,0.0,0.0,0.0,0.0,1.0,0.0
4030,3,0.0,0.0,1.0,0.0,0.0,0.0,0.0,0.0
4031,6,0.0,0.0,0.0,0.0,0.0,1.0,0.0,0.0
4033,3,0.0,0.0,1.0,0.0,0.0,0.0,0.0,0.0
4035,3,0.0,0.0,1.0,0.0,0.0,0.0,0.0,0.0
4038,7,0.0,0.0,0.0,0.0,0.0,0.0,1.0,0.0
4041,3,0.0,0.0,1.0,0.0,0.0,0.0,0.0,0.0
4045,7,0.0,0.0,0.0,0.0,0.0,0.0,1.0,0.0
4047,7,0.0,0.0,0.0,0.0,0.0,0.0,1.0,0.0
4048,6,0.0,0.0,0.0,0.0,0.0,1.0,0.0,0.0
4050,3,0.0,0.0,1.0,0.0,0.0,0.0,0.0,0.0
4051,6,0.0,0.0,0.0,0.0,0.0,1.0,0.0,0.0
4053,3,0.0,0.0,1.0,0.0,0.0,0.0,0.0,0.0
4055,3,0.0,0.0,1.0,0.0,0.0,0.0,0.0,0.0
4057,2,0.0,1.0,0.0,0.0,0.0,0.0,0.0,0.0
4060,3,0.0,0.0,1.0,0.0,0.0,0.0,0.0,0.0
4061,3,0.0,0.0,1.0,0.0,0.0,0.0,0.0,0.0
4062,3,0.0,0.0,1.0,0.0,0.0,0.0,0.0,0.0
4064,6,0.0,0.0,0.0,0.0,0.0,1.0,0.0,0.0
4065,7,0.0,0.0,0.0,0.0,0.0,0.0,1.0,0.0
4067,3,0.0,0.0,1.0,0.0,0.0,0.0,0.0,0.0
4068,7,0.0,0.0,0.0,0.0,0.0,0.0,1.0,0.0
4069,3,0.0,0.0,1.0,0.0,0.0,0.0,0.0,0.0
4072,3,0.0,0.0,1.0,0.0,0.0,0.0,0.0,0.0
4074,7,0.0,0.0,0.0,0.0,0.0,0.0,1.0,0.0
4075,2,0.0,1.0,0.0,0.0,0.0,0.0,0.0,0.0
4077,3,0.0,0.0,1.0,0.0,0.0,0.0,0.0,0.0
4079,3,0.0,0.0,1.0,0.0,0.0,0.0,0.0,0.0
4082,7,0.0,0.0,0.0,0.0,0.0,0.0,1.0,0.0
4086,3,0.0,0.0,1.0,0.0,0.0,0.0,0.0,0.0
4087,3,0.0,0.0,1.0,0.0,0.0,0.0,0.0,0.0
4089,3,0.0,0.0,1.0,0.0,0.0,0.0,0.0,0.0
4090,3,0.0,0.0,1.0,0.0,0.0,0.0,0.0,0.0
4091,7,0.0,0.0,0.0,0.0,0.0,0.0,1.0,0.0
4092,6,0.0,0.0,0.0,0.0,0.0,1.0,0.0,0.0
4097,3,0.0,0.0,1.0,0.0,0.0,0.0,0.0,0.0
4100,6,0.0,0.0,0.0,0.0,0.0,1.0,0.0,0.0
4102,3,0.0,0.0,1.0,0.0,0.0,0.0,0.0,0.0
4104,3,0.0,0.0,1.0,0.0,0.0,0.0,0.0,0.0
4105,3,0.0,0.0,1.0,0.0,0.0,0.0,0.0,0.0
4108,3,0.0,0.0,1.0,0.0,0.0,0.0,0.0,0.0
4113,6,0.0,0.0,0.0,0.0,0.0,1.0,0.0,0.0
4115,3,0.0,0.0,1.0,0.0,0.0,0.0,0.0,0.0
4117,2,0.0,1.0,0.0,0.0,0.0,0.0,0.0,0.0
4123,3,0.0,0.0,1.0,0.0,0.0,0.0,0.0,0.0
4127,3,0.0,0.0,1.0,0.0,0.0,0.0,0.0,0.0
4136,3,0.0,0.0,1.0,0.0,0.0,0.0,0.0,0.0
4144,3,0.0,0.0,1.0,0.0,0.0,0.0,0.0,0.0
4152,3,0.0,0.0,1.0,0.0,0.0,0.0,0.0,0.0
4153,3,0.0,0.0,1.0,0.0,0.0,0.0,0.0,0.0
4155,3,0.0,0.0,1.0,0.0,0.0,0.0,0.0,0.0
4156,7,0.0,0.0,0.0,0.0,0.0,0.0,1.0,0.0
4157,3,0.0,0.0,1.0,0.0,0.0,0.0,0.0,0.0
4159,3,0.0,0.0,1.0,0.0,0.0,0.0,0.0,0.0
4160,3,0.0,0.0,1.0,0.0,0.0,0.0,0.0,0.0
4161,6,0.0,0.0,0.0,0.0,0.0,1.0,0.0,0.0
4164,3,0.0,0.0,1.0,0.0,0.0,0.0,0.0,0.0
4165,3,0.0,0.0,1.0,0.0,0.0,0.0,0.0,0.0
4166,3,0.0,0.0,1.0,0.0,0.0,0.0,0.0,0.0
4167,7,0.0,0.0,0.0,0.0,0.0,0.0,1.0,0.0
4173,3,0.0,0.0,1.0,0.0,0.0,0.0,0.0,0.0
4175,3,0.0,0.0,1.0,0.0,0.0,0.0,0.0,0.0
4178,2,0.0,1.0,0.0,0.0,0.0,0.0,0.0,0.0
4179,7,0.0,0.0,0.0,0.0,0.0,0.0,1.0,0.0
4181,3,0.0,0.0,1.0,0.0,0.0,0.0,0.0,0.0
4182,7,0.0,0.0,0.0,0.0,0.0,0.0,1.0,0.0
4183,3,0.0,0.0,1.0,0.0,0.0,0.0,0.0,0.0
4186,6,0.0,0.0,0.0,0.0,0.0,1.0,0.0,0.0
4194,3,0.0,0.0,1.0,0.0,0.0,0.0,0.0,0.0
4197,3,0.0,0.0,1.0,0.0,0.0,0.0,0.0,0.0
4198,6,0.0,0.0,0.0,0.0,0.0,1.0,0.0,0.0
4204,6,0.0,0.0,0.0,0.0,0.0,1.0,0.0,0.0
4206,3,0.0,0.0,1.0,0.0,0.0,0.0,0.0,0.0
4207,3,0.0,0.0,1.0,0.0,0.0,0.0,0.0,0.0
4208,3,0.0,0.0,1.0,0.0,0.0,0.0,0.0,0.0
4209,3,0.0,0.0,1.0,0.0,0.0,0.0,0.0,0.0
4213,3,0.0,0.0,1.0,0.0,0.0,0.0,0.0,0.0
4214,3,0.0,0.0,1.0,0.0,0.0,0.0,0.0,0.0
4215,3,0.0,0.0,1.0,0.0,0.0,0.0,0.0,0.0
4218,3,0.0,0.0,1.0,0.0,0.0,0.0,0.0,0.0
4221,7,0.0,0.0,0.0,0.0,0.0,0.0,1.0,0.0
4222,7,0.0,0.0,0.0,0.0,0.0,0.0,1.0,0.0
4223,3,0.0,0.0,1.0,0.0,0.0,0.0,0.0,0.0
4224,3,0.0,0.0,1.0,0.0,0.0,0.0,0.0,0.0
4225,3,0.0,0.0,1.0,0.0,0.0,0.0,0.0,0.0
4229,6,0.0,0.0,0.0,0.0,0.0,1.0,0.0,0.0
4231,6,0.0,0.0,0.0,0.0,0.0,1.0,0.0,0.0
4232,2,0.0,1.0,0.0,0.0,0.0,0.0,0.0,0.0
4233,3,0.0,0.0,1.0,0.0,0.0,0.0,0.0,0.0
4237,3,0.0,0.0,1.0,0.0,0.0,0.0,0.0,0.0
4243,6,0.0,0.0,0.0,0.0,0.0,1.0,0.0,0.0
4246,7,0.0,0.0,0.0,0.0,0.0,0.0,1.0,0.0
4249,3,0.0,0.0,1.0,0.0,0.0,0.0,0.0,0.0
4250,6,0.0,0.0,0.0,0.0,0.0,1.0,0.0,0.0
4252,3,0.0,0.0,1.0,0.0,0.0,0.0,0.0,0.0
4253,3,0.0,0.0,1.0,0.0,0.0,0.0,0.0,0.0
4256,3,0.0,0.0,1.0,0.0,0.0,0.0,0.0,0.0
4264,3,0.0,0.0,1.0,0.0,0.0,0.0,0.0,0.0
4269,3,0.0,0.0,1.0,0.0,0.0,0.0,0.0,0.0
4274,2,0.0,1.0,0.0,0.0,0.0,0.0,0.0,0.0
4275,3,0.0,0.0,1.0,0.0,0.0,0.0,0.0,0.0
4276,7,0.0,0.0,0.0,0.0,0.0,0.0,1.0,0.0
4278,3,0.0,0.0,1.0,0.0,0.0,0.0,0.0,0.0
4280,3,0.0,0.0,1.0,0.0,0.0,0.0,0.0,0.0
4283,3,0.0,0.0,1.0,0.0,0.0,0.0,0.0,0.0
4284,3,0.0,0.0,1.0,0.0,0.0,0.0,0.0,0.0
4286,2,0.0,1.0,0.0,0.0,0.0,0.0,0.0,0.0
4288,3,0.0,0.0,1.0,0.0,0.0,0.0,0.0,0.0
4294,2,0.0,1.0,0.0,0.0,0.0,0.0,0.0,0.0
4296,3,0.0,0.0,1.0,0.0,0.0,0.0,0.0,0.0
4298,3,0.0,0.0,1.0,0.0,0.0,0.0,0.0,0.0
4300,6,0.0,0.0,0.0,0.0,0.0,1.0,0.0,0.0
4304,6,0.0,0.0,0.0,0.0,0.0,1.0,0.0,0.0
4309,7,0.0,0.0,0.0,0.0,0.0,0.0,1.0,0.0
4312,3,0.0,0.0,1.0,0.0,0.0,0.0,0.0,0.0
4314,3,0.0,0.0,1.0,0.0,0.0,0.0,0.0,0.0
4319,3,0.0,0.0,1.0,0.0,0.0,0.0,0.0,0.0
4322,6,0.0,0.0,0.0,0.0,0.0,1.0,0.0,0.0
4323,3,0.0,0.0,1.0,0.0,0.0,0.0,0.0,0.0
4324,3,0.0,0.0,1.0,0.0,0.0,0.0,0.0,0.0
4326,7,0.0,0.0,0.0,0.0,0.0,0.0,1.0,0.0
4327,6,0.0,0.0,0.0,0.0,0.0,1.0,0.0,0.0
4328,7,0.0,0.0,0.0,0.0,0.0,0.0,1.0,0.0
4330,3,0.0,0.0,1.0,0.0,0.0,0.0,0.0,0.0
4331,2,0.0,1.0,0.0,0.0,0.0,0.0,0.0,0.0
4332,3,0.0,0.0,1.0,0.0,0.0,0.0,0.0,0.0
4333,3,0.0,0.0,1.0,0.0,0.0,0.0,0.0,0.0
4336,7,0.0,0.0,0.0,0.0,0.0,0.0,1.0,0.0
4340,7,0.0,0.0,0.0,0.0,0.0,0.0,1.0,0.0
4342,3,0.0,0.0,1.0,0.0,0.0,0.0,0.0,0.0
4344,7,0.0,0.0,0.0,0.0,0.0,0.0,1.0,0.0
4345,3,0.0,0.0,1.0,0.0,0.0,0.0,0.0,0.0
4346,3,0.0,0.0,1.0,0.0,0.0,0.0,0.0,0.0
4350,3,0.0,0.0,1.0,0.0,0.0,0.0,0.0,0.0
4351,3,0.0,0.0,1.0,0.0,0.0,0.0,0.0,0.0
4353,3,0.0,0.0,1.0,0.0,0.0,0.0,0.0,0.0
4354,2,0.0,1.0,0.0,0.0,0.0,0.0,0.0,0.0
4356,3,0.0,0.0,1.0,0.0,0.0,0.0,0.0,0.0
4358,3,0.0,0.0,1.0,0.0,0.0,0.0,0.0,0.0
4361,3,0.0,0.0,1.0,0.0,0.0,0.0,0.0,0.0
4362,7,0.0,0.0,0.0,0.0,0.0,0.0,1.0,0.0
4369,3,0.0,0.0,1.0,0.0,0.0,0.0,0.0,0.0
4372,7,0.0,0.0,0.0,0.0,0.0,0.0,1.0,0.0
4375,3,0.0,0.0,1.0,0.0,0.0,0.0,0.0,0.0
4383,6,0.0,0.0,0.0,0.0,0.0,1.0,0.0,0.0
4390,3,0.0,0.0,1.0,0.0,0.0,0.0,0.0,0.0
4394,7,0.0,0.0,0.0,0.0,0.0,0.0,1.0,0.0
4395,6,0.0,0.0,0.0,0.0,0.0,1.0,0.0,0.0
4396,3,0.0,0.0,1.0,0.0,0.0,0.0,0.0,0.0
4398,3,0.0,0.0,1.0,0.0,0.0,0.0,0.0,0.0
4402,7,0.0,0.0,0.0,0.0,0.0,0.0,1.0,0.0
4405,3,0.0,0.0,1.0,0.0,0.0,0.0,0.0,0.0
4407,3,0.0,0.0,1.0,0.0,0.0,0.0,0.0,0.0
4408,3,0.0,0.0,1.0,0.0,0.0,0.0,0.0,0.0
4409,6,0.0,0.0,0.0,0.0,0.0,1.0,0.0,0.0
4414,6,0.0,0.0,0.0,0.0,0.0,1.0,0.0,0.0
4415,3,0.0,0.0,1.0,0.0,0.0,0.0,0.0,0.0
4418,3,0.0,0.0,1.0,0.0,0.0,0.0,0.0,0.0
4420,2,0.0,1.0,0.0,0.0,0.0,0.0,0.0,0.0
4422,7,0.0,0.0,0.0,0.0,0.0,0.0,1.0,0.0
4423,3,0.0,0.0,1.0,0.0,0.0,0.0,0.0,0.0
4424,3,0.0,0.0,1.0,0.0,0.0,0.0,0.0,0.0
4425,7,0.0,0.0,0.0,0.0,0.0,0.0,1.0,0.0
4427,3,0.0,0.0,1.0,0.0,0.0,0.0,0.0,0.0
4429,3,0.0,0.0,1.0,0.0,0.0,0.0,0.0,0.0
4432,3,0.0,0.0,1.0,0.0,0.0,0.0,0.0,0.0
4433,3,0.0,0.0,1.0,0.0,0.0,0.0,0.0,0.0
4438,3,0.0,0.0,1.0,0.0,0.0,0.0,0.0,0.0
4440,7,0.0,0.0,0.0,0.0,0.0,0.0,1.0,0.0
4447,7,0.0,0.0,0.0,0.0,0.0,0.0,1.0,0.0
4448,3,0.0,0.0,1.0,0.0,0.0,0.0,0.0,0.0
4449,3,0.0,0.0,1.0,0.0,0.0,0.0,0.0,0.0
4450,3,0.0,0.0,1.0,0.0,0.0,0.0,0.0,0.0
4452,6,0.0,0.0,0.0,0.0,0.0,1.0,0.0,0.0
4454,7,0.0,0.0,0.0,0.0,0.0,0.0,1.0,0.0
4457,3,0.0,0.0,1.0,0.0,0.0,0.0,0.0,0.0
4459,3,0.0,0.0,1.0,0.0,0.0,0.0,0.0,0.0
4460,3,0.0,0.0,1.0,0.0,0.0,0.0,0.0,0.0
4464,3,0.0,0.0,1.0,0.0,0.0,0.0,0.0,0.0
4467,3,0.0,0.0,1.0,0.0,0.0,0.0,0.0,0.0
4468,6,0.0,0.0,0.0,0.0,0.0,1.0,0.0,0.0
4472,6,0.0,0.0,0.0,0.0,0.0,1.0,0.0,0.0
4473,3,0.0,0.0,1.0,0.0,0.0,0.0,0.0,0.0
4477,3,0.0,0.0,1.0,0.0,0.0,0.0,0.0,0.0
4479,3,0.0,0.0,1.0,0.0,0.0,0.0,0.0,0.0
4486,3,0.0,0.0,1.0,0.0,0.0,0.0,0.0,0.0
4488,3,0.0,0.0,1.0,0.0,0.0,0.0,0.0,0.0
4489,3,0.0,0.0,1.0,0.0,0.0,0.0,0.0,0.0
4490,3,0.0,0.0,1.0,0.0,0.0,0.0,0.0,0.0
4493,3,0.0,0.0,1.0,0.0,0.0,0.0,0.0,0.0
4495,3,0.0,0.0,1.0,0.0,0.0,0.0,0.0,0.0
4498,6,0.0,0.0,0.0,0.0,0.0,1.0,0.0,0.0
4499,3,0.0,0.0,1.0,0.0,0.0,0.0,0.0,0.0
4501,7,0.0,0.0,0.0,0.0,0.0,0.0,1.0,0.0
4502,3,0.0,0.0,1.0,0.0,0.0,0.0,0.0,0.0
4503,3,0.0,0.0,1.0,0.0,0.0,0.0,0.0,0.0
4504,6,0.0,0.0,0.0,0.0,0.0,1.0,0.0,0.0
4505,3,0.0,0.0,1.0,0.0,0.0,0.0,0.0,0.0
4509,3,0.0,0.0,1.0,0.0,0.0,0.0,0.0,0.0
4510,3,0.0,0.0,1.0,0.0,0.0,0.0,0.0,0.0
4512,3,0.0,0.0,1.0,0.0,0.0,0.0,0.0,0.0
4516,3,0.0,0.0,1.0,0.0,0.0,0.0,0.0,0.0
4520,3,0.0,0.0,1.0,0.0,0.0,0.0,0.0,0.0
4523,3,0.0,0.0,1.0,0.0,0.0,0.0,0.0,0.0
4524,6,0.0,0.0,0.0,0.0,0.0,1.0,0.0,0.0
4525,6,0.0,0.0,0.0,0.0,0.0,1.0,0.0,0.0
4528,7,0.0,0.0,0.0,0.0,0.0,0.0,1.0,0.0
4532,3,0.0,0.0,1.0,0.0,0.0,0.0,0.0,0.0
4535,2,0.0,1.0,0.0,0.0,0.0,0.0,0.0,0.0
4536,3,0.0,0.0,1.0,0.0,0.0,0.0,0.0,0.0
4537,7,0.0,0.0,0.0,0.0,0.0,0.0,1.0,0.0
4541,3,0.0,0.0,1.0,0.0,0.0,0.0,0.0,0.0
4542,6,0.0,0.0,0.0,0.0,0.0,1.0,0.0,0.0
4546,6,0.0,0.0,0.0,0.0,0.0,1.0,0.0,0.0
4548,3,0.0,0.0,1.0,0.0,0.0,0.0,0.0,0.0
4554,7,0.0,0.0,0.0,0.0,0.0,0.0,1.0,0.0
4555,3,0.0,0.0,1.0,0.0,0.0,0.0,0.0,0.0
4556,3,0.0,0.0,1.0,0.0,0.0,0.0,0.0,0.0
4565,3,0.0,0.0,1.0,0.0,0.0,0.0,0.0,0.0
4567,3,0.0,0.0,1.0,0.0,0.0,0.0,0.0,0.0
4568,3,0.0,0.0,1.0,0.0,0.0,0.0,0.0,0.0
4570,3,0.0,0.0,1.0,0.0,0.0,0.0,0.0,0.0
4575,3,0.0,0.0,1.0,0.0,0.0,0.0,0.0,0.0
4577,2,0.0,1.0,0.0,0.0,0.0,0.0,0.0,0.0
4578,3,0.0,0.0,1.0,0.0,0.0,0.0,0.0,0.0
4579,3,0.0,0.0,1.0,0.0,0.0,0.0,0.0,0.0
4584,3,0.0,0.0,1.0,0.0,0.0,0.0,0.0,0.0
4585,6,0.0,0.0,0.0,0.0,0.0,1.0,0.0,0.0
4590,3,0.0,0.0,1.0,0.0,0.0,0.0,0.0,0.0
4591,6,0.0,0.0,0.0,0.0,0.0,1.0,0.0,0.0
4592,3,0.0,0.0,1.0,0.0,0.0,0.0,0.0,0.0
4596,7,0.0,0.0,0.0,0.0,0.0,0.0,1.0,0.0
4597,3,0.0,0.0,1.0,0.0,0.0,0.0,0.0,0.0
4598,3,0.0,0.0,1.0,0.0,0.0,0.0,0.0,0.0
4601,3,0.0,0.0,1.0,0.0,0.0,0.0,0.0,0.0
4602,7,0.0,0.0,0.0,0.0,0.0,0.0,1.0,0.0
4603,7,0.0,0.0,0.0,0.0,0.0,0.0,1.0,0.0
4607,3,0.0,0.0,1.0,0.0,0.0,0.0,0.0,0.0
4612,3,0.0,0.0,1.0,0.0,0.0,0.0,0.0,0.0
4613,7,0.0,0.0,0.0,0.0,0.0,0.0,1.0,0.0
4615,6,0.0,0.0,0.0,0.0,0.0,1.0,0.0,0.0
4616,7,0.0,0.0,0.0,0.0,0.0,0.0,1.0,0.0
4619,7,0.0,0.0,0.0,0.0,0.0,0.0,1.0,0.0
4620,2,0.0,1.0,0.0,0.0,0.0,0.0,0.0,0.0
4621,2,0.0,1.0,0.0,0.0,0.0,0.0,0.0,0.0
4625,7,0.0,0.0,0.0,0.0,0.0,0.0,1.0,0.0
4629,3,0.0,0.0,1.0,0.0,0.0,0.0,0.0,0.0
4630,6,0.0,0.0,0.0,0.0,0.0,1.0,0.0,0.0
4632,3,0.0,0.0,1.0,0.0,0.0,0.0,0.0,0.0
4634,6,0.0,0.0,0.0,0.0,0.0,1.0,0.0,0.0
4636,3,0.0,0.0,1.0,0.0,0.0,0.0,0.0,0.0
4646,6,0.0,0.0,0.0,0.0,0.0,1.0,0.0,0.0
4650,3,0.0,0.0,1.0,0.0,0.0,0.0,0.0,0.0
4654,6,0.0,0.0,0.0,0.0,0.0,1.0,0.0,0.0
4656,3,0.0,0.0,1.0,0.0,0.0,0.0,0.0,0.0
4660,7,0.0,0.0,0.0,0.0,0.0,0.0,1.0,0.0
4664,7,0.0,0.0,0.0,0.0,0.0,0.0,1.0,0.0
4670,3,0.0,0.0,1.0,0.0,0.0,0.0,0.0,0.0
4672,7,0.0,0.0,0.0,0.0,0.0,0.0,1.0,0.0
4676,3,0.0,0.0,1.0,0.0,0.0,0.0,0.0,0.0
4678,7,0.0,0.0,0.0,0.0,0.0,0.0,1.0,0.0
4679,7,0.0,0.0,0.0,0.0,0.0,0.0,1.0,0.0
4683,3,0.0,0.0,1.0,0.0,0.0,0.0,0.0,0.0
4686,6,0.0,0.0,0.0,0.0,0.0,1.0,0.0,0.0
4687,3,0.0,0.0,1.0,0.0,0.0,0.0,0.0,0.0
4688,6,0.0,0.0,0.0,0.0,0.0,1.0,0.0,0.0
4690,6,0.0,0.0,0.0,0.0,0.0,1.0,0.0,0.0
4691,3,0.0,0.0,1.0,0.0,0.0,0.0,0.0,0.0
4693,2,0.0,1.0,0.0,0.0,0.0,0.0,0.0,0.0
4694,2,0.0,1.0,0.0,0.0,0.0,0.0,0.0,0.0
4696,6,0.0,0.0,0.0,0.0,0.0,1.0,0.0,0.0
4701,3,0.0,0.0,1.0,0.0,0.0,0.0,0.0,0.0
4703,3,0.0,0.0,1.0,0.0,0.0,0.0,0.0,0.0
4704,3,0.0,0.0,1.0,0.0,0.0,0.0,0.0,0.0
4707,7,0.0,0.0,0.0,0.0,0.0,0.0,1.0,0.0
4710,3,0.0,0.0,1.0,0.0,0.0,0.0,0.0,0.0
4712,7,0.0,0.0,0.0,0.0,0.0,0.0,1.0,0.0
4713,7,0.0,0.0,0.0,0.0,0.0,0.0,1.0,0.0
4714,2,0.0,1.0,0.0,0.0,0.0,0.0,0.0,0.0
4715,6,0.0,0.0,0.0,0.0,0.0,1.0,0.0,0.0
4722,7,0.0,0.0,0.0,0.0,0.0,0.0,1.0,0.0
4723,7,0.0,0.0,0.0,0.0,0.0,0.0,1.0,0.0
4724,6,0.0,0.0,0.0,0.0,0.0,1.0,0.0,0.0
4726,6,0.0,0.0,0.0,0.0,0.0,1.0,0.0,0.0
4730,3,0.0,0.0,1.0,0.0,0.0,0.0,0.0,0.0
4732,6,0.0,0.0,0.0,0.0,0.0,1.0,0.0,0.0
4735,2,0.0,1.0,0.0,0.0,0.0,0.0,0.0,0.0
4736,3,0.0,0.0,1.0,0.0,0.0,0.0,0.0,0.0
4737,7,0.0,0.0,0.0,0.0,0.0,0.0,1.0,0.0
4745,3,0.0,0.0,1.0,0.0,0.0,0.0,0.0,0.0
4747,3,0.0,0.0,1.0,0.0,0.0,0.0,0.0,0.0
4752,7,0.0,0.0,0.0,0.0,0.0,0.0,1.0,0.0
4753,3,0.0,0.0,1.0,0.0,0.0,0.0,0.0,0.0
4754,3,0.0,0.0,1.0,0.0,0.0,0.0,0.0,0.0
4757,3,0.0,0.0,1.0,0.0,0.0,0.0,0.0,0.0
4758,3,0.0,0.0,1.0,0.0,0.0,0.0,0.0,0.0
4761,7,0.0,0.0,0.0,0.0,0.0,0.0,1.0,0.0
4762,2,0.0,1.0,0.0,0.0,0.0,0.0,0.0,0.0
4766,3,0.0,0.0,1.0,0.0,0.0,0.0,0.0,0.0
4767,2,0.0,1.0,0.0,0.0,0.0,0.0,0.0,0.0
4768,7,0.0,0.0,0.0,0.0,0.0,0.0,1.0,0.0
4772,6,0.0,0.0,0.0,0.0,0.0,1.0,0.0,0.0
4773,7,0.0,0.0,0.0,0.0,0.0,0.0,1.0,0.0
4775,3,0.0,0.0,1.0,0.0,0.0,0.0,0.0,0.0
4777,7,0.0,0.0,0.0,0.0,0.0,0.0,1.0,0.0
4784,3,0.0,0.0,1.0,0.0,0.0,0.0,0.0,0.0
4786,3,0.0,0.0,1.0,0.0,0.0,0.0,0.0,0.0
4790,3,0.0,0.0,1.0,0.0,0.0,0.0,0.0,0.0
4792,6,0.0,0.0,0.0,0.0,0.0,1.0,0.0,0.0
4796,3,0.0,0.0,1.0,0.0,0.0,0.0,0.0,0.0
4798,3,0.0,0.0,1.0,0.0,0.0,0.0,0.0,0.0
4799,6,0.0,0.0,0.0,0.0,0.0,1.0,0.0,0.0
